Divorcios,,,,,,,,,,,,,,,,,,,,,,,,,,,,
Año del matrimonio : Total,,,,,,,,,,,,,,,,,,,,,,,,,,,,
Ent y mun de registro : Distrito Federal,,,,,,,,,,,,,,,,,,,,,,,,,,,,
,,,,,,,,,,,,,,,,,,,,,,,,,,,,
Consulta de: Divorcios   Por: Ent y mun matrimonio y Año de demanda   Según: Año registro hecho,,,,,,,,,,,,,,,,,,,,,,,,,,,,
,,,,,,,,,,,,,,,,,,,,,,,,,,,,
,,,,,,,,,,,,,,,,,,,,,,,,,,,,
,,,1985,1986,1987,1988,1989,1990,1991,1992,1993,1994,1995,1996,1997,1998,1999,2000,2001,2002,2003,2004,2005,2006,2007,2008,2009,2010
,Total,Total,3326,4281,4891,5525,5505,5610,5871,6375,5786,6609,6831,6904,6410,6806,7263,7265,7724,7691,7418,6785,7106,6924,7035,7692,9386,11053
,Total,1920,,,,,,,,,1,1,,,,,,,,,,,,,,,,
,Total,1959,,,,,,,,,,,1,,,,,,,,,,,,,,,
,Total,1962,,,,,,,,,,1,,,,,,,,,,,,,,,,
,Total,1963,,,,,,,,,,,1,,,,,,,,,,,,,,,
,Total,1965,,,,,,,,,,1,,,,,,,,,,,,,,,,
,Total,1966,,,,,,,,,,,1,,,,,,,,,,,,,,,
,Total,1967,,,,,,,,,,2,,1,,,1,,,,,,,,,,,
,Total,1968,,,,,,,,,,,,1,,,,,,,,,,,,,,
,Total,1969,,,,,,,,,1,,,,,,,,,,,,,,,,,
,Total,1970,,,,,,,,,,,,,,,,1,,,,,,,,,,
,Total,1971,,,,,,,,,,3,1,1,,,,,,,,,,,,,,
,Total,1972,,,,,,,,,1,2,2,,,,,,,,,,,,,,,
,Total,1973,,,,,,,,,1,2,,1,,,,1,,,,,,,,,,
,Total,1974,,,,,,,,,,1,3,1,,,,1,,,,,,,,,,
,Total,1975,,,,,,,,,1,1,2,,,,,,,,,,,,,,,
,Total,1976,,,,,,,,,2,4,2,2,,,,,,,,,,,,,,
,Total,1977,,,,,,,,,2,2,2,7,,,1,,,,,,,,,,,
,Total,1978,,,,,,,,,3,4,7,1,1,,1,,,,,,,,,,,
,Total,1979,,,,,,,,,1,9,3,1,,,,1,,,,,,,,,,
,Total,1980,,,,,,,,,2,6,9,6,,,,,,,1,,2,,,1,1,
,Total,1981,,,,,,,,,2,9,12,6,,,1,,,,2,,1,,,,,
,Total,1982,,,,,,,,,6,14,5,4,,,2,,,2,,,,,1,1,,
,Total,1983,,,,,,,,,5,19,10,10,,,1,1,,3,,,1,,,,,
,Total,1984,,,,,,,,,7,20,17,13,,1,1,1,1,1,,3,,,,,,
,Total,1985,3326,,,,,,,,5,20,19,15,1,,1,,,,1,1,1,,,,1,
,Total,1986,,4281,,,,,,,5,30,24,23,2,1,1,2,,,,,,1,,,,
,Total,1987,,,4891,,,,,,16,48,40,39,1,,1,2,2,,2,,,,1,,,
,Total,1988,,,,5525,,,,,22,55,50,32,2,3,3,2,,1,,,,1,1,,,
,Total,1989,,,,,5505,,,,29,91,56,45,3,2,3,2,2,,2,1,,,1,,,
,Total,1990,,,,,,5610,,,59,115,95,65,1,3,4,1,3,2,1,,,,2,,2,
,Total,1991,,,,,,,5871,,169,157,114,110,4,4,1,1,2,1,,,1,1,,1,2,
,Total,1992,,,,,,,,6375,1953,295,174,135,6,6,10,3,3,2,3,,1,2,,1,1,
,Total,1993,,,,,,,,,3484,2283,345,169,18,6,4,4,1,,5,1,1,,2,1,,
,Total,1994,,,,,,,,,,3399,2476,350,28,11,10,7,5,2,1,1,4,,2,,1,
,Total,1995,,,,,,,,,,,3360,2427,144,24,10,7,4,3,4,3,7,4,,,,1
,Total,1996,,,,,,,,,,,,3439,2012,104,27,12,4,7,2,1,2,4,,1,,1
,Total,1997,,,,,,,,,,,,,4187,2204,133,20,10,9,5,3,8,3,2,1,1,2
,Total,1998,,,,,,,,,,,,,,4437,2296,109,46,14,6,4,5,4,2,,2,
,Total,1999,,,,,,,,,,,,,,,4751,2323,146,37,17,13,10,6,4,,2,
,Total,2000,,,,,,,,,,,,,,,,4763,2511,182,44,20,13,8,5,3,1,1
,Total,2001,,,,,,,,,,,,,,,,,4984,2701,232,36,18,15,9,2,1,3
,Total,2002,,,,,,,,,,,,,,,,,,4724,2413,177,45,19,12,7,4,6
,Total,2003,,,,,,,,,,,,,,,,,,,4677,2146,177,52,19,10,7,2
,Total,2004,,,,,,,,,,,,,,,,,,,,4375,2239,174,31,17,10,6
,Total,2005,,,,,,,,,,,,,,,,,,,,,4569,2095,185,49,14,4
,Total,2006,,,,,,,,,,,,,,,,,,,,,,4535,2128,188,38,15
,Total,2007,,,,,,,,,,,,,,,,,,,,,,,4628,2062,150,27
,Total,2008,,,,,,,,,,,,,,,,,,,,,,,,5347,1941,122
,Total,2009,,,,,,,,,,,,,,,,,,,,,,,,,7207,2628
,Total,2010,,,,,,,,,,,,,,,,,,,,,,,,,,8235
,Total,No especificado,,,,,,,,,9,15,,,,,,1,,,,,1,,,,,
#NAME?,Aguascalientes,Total,,,,,,,,,2,7,2,3,5,1,3,5,5,5,3,3,3,2,2,3,3,8
#NAME?,Aguascalientes,1988,,,,,,,,,,1,,,,,,,,,,,,,,,,
#NAME?,Aguascalientes,1993,,,,,,,,,2,5,1,,,,,,,,,,,,,,,
#NAME?,Aguascalientes,1994,,,,,,,,,,1,1,,,,,,,,,,,,,,,
#NAME?,Aguascalientes,1995,,,,,,,,,,,,2,1,,,,,,,,,,,,,
#NAME?,Aguascalientes,1996,,,,,,,,,,,,1,,,,,,,,,,,,,,
#NAME?,Aguascalientes,1997,,,,,,,,,,,,,4,,,,,,,,1,,,,,
#NAME?,Aguascalientes,1998,,,,,,,,,,,,,,1,1,,,,,,,,,,,
#NAME?,Aguascalientes,1999,,,,,,,,,,,,,,,2,3,,,,,,,,,,
#NAME?,Aguascalientes,2000,,,,,,,,,,,,,,,,2,3,,,,,,,,,
#NAME?,Aguascalientes,2001,,,,,,,,,,,,,,,,,2,1,,,,,,,,
#NAME?,Aguascalientes,2002,,,,,,,,,,,,,,,,,,4,1,,,,,,,
#NAME?,Aguascalientes,2003,,,,,,,,,,,,,,,,,,,2,3,,,,,,
#NAME?,Aguascalientes,2004,,,,,,,,,,,,,,,,,,,,,2,,,,,
#NAME?,Aguascalientes,2005,,,,,,,,,,,,,,,,,,,,,,1,,,,
#NAME?,Aguascalientes,2006,,,,,,,,,,,,,,,,,,,,,,1,2,,,
#NAME?,Aguascalientes,2007,,,,,,,,,,,,,,,,,,,,,,,,2,,
#NAME?,Aguascalientes,2008,,,,,,,,,,,,,,,,,,,,,,,,1,1,
#NAME?,Aguascalientes,2009,,,,,,,,,,,,,,,,,,,,,,,,,2,3
#NAME?,Aguascalientes,2010,,,,,,,,,,,,,,,,,,,,,,,,,,5
#NAME?,Baja California,Total,,,,,,,,,8,7,8,7,5,9,5,6,4,11,6,9,4,3,1,5,5,7
#NAME?,Baja California,1966,,,,,,,,,,,1,,,,,,,,,,,,,,,
#NAME?,Baja California,1993,,,,,,,,,8,2,,,,,,,,,,,,,,,,
#NAME?,Baja California,1994,,,,,,,,,,5,3,1,,,,,,,,,,,,,,
#NAME?,Baja California,1995,,,,,,,,,,,4,3,,,,,,,,,,,,,,
#NAME?,Baja California,1996,,,,,,,,,,,,3,2,,,,,,,,,,,,,
#NAME?,Baja California,1997,,,,,,,,,,,,,3,3,,,,,,,,,,,,
#NAME?,Baja California,1998,,,,,,,,,,,,,,6,1,,,,,,,,,,,
#NAME?,Baja California,1999,,,,,,,,,,,,,,,4,3,,,,,,,,,,
#NAME?,Baja California,2000,,,,,,,,,,,,,,,,3,3,2,,,,,,,,
#NAME?,Baja California,2001,,,,,,,,,,,,,,,,,1,4,,,,,,,,
#NAME?,Baja California,2002,,,,,,,,,,,,,,,,,,5,4,,,,,,,
#NAME?,Baja California,2003,,,,,,,,,,,,,,,,,,,2,7,1,,,,,
#NAME?,Baja California,2004,,,,,,,,,,,,,,,,,,,,2,3,,,,,
#NAME?,Baja California,2005,,,,,,,,,,,,,,,,,,,,,,1,,,,
#NAME?,Baja California,2006,,,,,,,,,,,,,,,,,,,,,,2,1,1,,
#NAME?,Baja California,2007,,,,,,,,,,,,,,,,,,,,,,,,2,,
#NAME?,Baja California,2008,,,,,,,,,,,,,,,,,,,,,,,,2,1,
#NAME?,Baja California,2009,,,,,,,,,,,,,,,,,,,,,,,,,4,4
#NAME?,Baja California,2010,,,,,,,,,,,,,,,,,,,,,,,,,,3
#NAME?,Baja California Sur,Total,,,,,,,,,4,,2,2,3,2,1,,,3,3,3,,2,,,320,335
#NAME?,Baja California Sur,1992,,,,,,,,,2,,,,,,,,,,,,,,,,,
#NAME?,Baja California Sur,1993,,,,,,,,,2,,,,,,,,,,,,,,,,,
#NAME?,Baja California Sur,1995,,,,,,,,,,,2,,,,,,,,,,,,,,,
#NAME?,Baja California Sur,1996,,,,,,,,,,,,2,1,,,,,,,,,,,,,
#NAME?,Baja California Sur,1997,,,,,,,,,,,,,2,,,,,,,,,,,,,
#NAME?,Baja California Sur,1998,,,,,,,,,,,,,,2,,,,,,,,,,,,
#NAME?,Baja California Sur,1999,,,,,,,,,,,,,,,1,,,,,,,,,,,
#NAME?,Baja California Sur,2002,,,,,,,,,,,,,,,,,,3,3,,,,,,,
#NAME?,Baja California Sur,2003,,,,,,,,,,,,,,,,,,,,1,,,,,,
#NAME?,Baja California Sur,2004,,,,,,,,,,,,,,,,,,,,2,,,,,,
#NAME?,Baja California Sur,2005,,,,,,,,,,,,,,,,,,,,,,1,,,,
#NAME?,Baja California Sur,2006,,,,,,,,,,,,,,,,,,,,,,1,,,,
#NAME?,Baja California Sur,2008,,,,,,,,,,,,,,,,,,,,,,,,,1,
#NAME?,Baja California Sur,2009,,,,,,,,,,,,,,,,,,,,,,,,,319,
#NAME?,Baja California Sur,2010,,,,,,,,,,,,,,,,,,,,,,,,,,335
#NAME?,Campeche,Total,,,,,,,,,2,2,4,1,4,1,1,4,3,2,3,4,,1,1,2,44,43
#NAME?,Campeche,1992,,,,,,,,,1,,,,,,,,,,,,,,,,,
#NAME?,Campeche,1993,,,,,,,,,1,,1,,,,,,,,,,,,,,,
#NAME?,Campeche,1994,,,,,,,,,,2,1,1,,,,,,,,,,,,,,
#NAME?,Campeche,1995,,,,,,,,,,,2,,,,,,,,,,,,,,,
#NAME?,Campeche,1996,,,,,,,,,,,,,1,,,,,,,,,,,,,
#NAME?,Campeche,1997,,,,,,,,,,,,,3,,,,,,,,,,,,,
#NAME?,Campeche,1998,,,,,,,,,,,,,,1,,,,,,,,,,,,
#NAME?,Campeche,1999,,,,,,,,,,,,,,,1,,,,,,,,,,,
#NAME?,Campeche,2000,,,,,,,,,,,,,,,,4,1,,,,,,,,,
#NAME?,Campeche,2001,,,,,,,,,,,,,,,,,2,1,,,,,,,,
#NAME?,Campeche,2002,,,,,,,,,,,,,,,,,,1,,,,,,,,
#NAME?,Campeche,2003,,,,,,,,,,,,,,,,,,,3,3,,,,,,
#NAME?,Campeche,2004,,,,,,,,,,,,,,,,,,,,1,,,,,,
#NAME?,Campeche,2006,,,,,,,,,,,,,,,,,,,,,,1,1,,,
#NAME?,Campeche,2007,,,,,,,,,,,,,,,,,,,,,,,,1,,
#NAME?,Campeche,2008,,,,,,,,,,,,,,,,,,,,,,,,1,,
#NAME?,Campeche,2009,,,,,,,,,,,,,,,,,,,,,,,,,44,1
#NAME?,Campeche,2010,,,,,,,,,,,,,,,,,,,,,,,,,,42
#NAME?,Coahuila de Zaragoza,Total,,,,,,,,,5,8,7,9,4,3,5,5,8,10,3,4,3,8,1,2,323,242
#NAME?,Coahuila de Zaragoza,1973,,,,,,,,,,,,1,,,,,,,,,,,,,,
#NAME?,Coahuila de Zaragoza,1989,,,,,,,,,,,,1,,,,,,,,,,,,,,
#NAME?,Coahuila de Zaragoza,1990,,,,,,,,,,1,,,,,,,,,,,,,,,,
#NAME?,Coahuila de Zaragoza,1992,,,,,,,,,3,,,,,,1,,,,,,,,,,,
#NAME?,Coahuila de Zaragoza,1993,,,,,,,,,2,3,,,,,,,,,,,,,,,,
#NAME?,Coahuila de Zaragoza,1994,,,,,,,,,,4,6,2,,,,,,,,,,,,,,
#NAME?,Coahuila de Zaragoza,1995,,,,,,,,,,,1,,,,,,,,,,,,,,,
#NAME?,Coahuila de Zaragoza,1996,,,,,,,,,,,,5,2,,,,,,,,,,,,,
#NAME?,Coahuila de Zaragoza,1997,,,,,,,,,,,,,2,,,,,,,,,,,,,
#NAME?,Coahuila de Zaragoza,1998,,,,,,,,,,,,,,3,3,,,,,,,,,,,
#NAME?,Coahuila de Zaragoza,1999,,,,,,,,,,,,,,,1,2,,,,,,,,,,
#NAME?,Coahuila de Zaragoza,2000,,,,,,,,,,,,,,,,3,1,,,,,,,,,
#NAME?,Coahuila de Zaragoza,2001,,,,,,,,,,,,,,,,,7,3,,,,1,,,,
#NAME?,Coahuila de Zaragoza,2002,,,,,,,,,,,,,,,,,,7,1,,,,,,,
#NAME?,Coahuila de Zaragoza,2003,,,,,,,,,,,,,,,,,,,2,4,,,,,,
#NAME?,Coahuila de Zaragoza,2004,,,,,,,,,,,,,,,,,,,,,1,1,,,,
#NAME?,Coahuila de Zaragoza,2005,,,,,,,,,,,,,,,,,,,,,2,6,,,,
#NAME?,Coahuila de Zaragoza,2006,,,,,,,,,,,,,,,,,,,,,,,,,1,
#NAME?,Coahuila de Zaragoza,2007,,,,,,,,,,,,,,,,,,,,,,,1,,,
#NAME?,Coahuila de Zaragoza,2008,,,,,,,,,,,,,,,,,,,,,,,,2,3,
#NAME?,Coahuila de Zaragoza,2009,,,,,,,,,,,,,,,,,,,,,,,,,319,3
#NAME?,Coahuila de Zaragoza,2010,,,,,,,,,,,,,,,,,,,,,,,,,,239
#NAME?,Colima,Total,,,,,,,,,,1,2,2,,,,2,3,1,4,3,1,1,3,3,111,90
#NAME?,Colima,1994,,,,,,,,,,1,,,,,,,,,,,,,,,,
#NAME?,Colima,1995,,,,,,,,,,,2,,,,,,,,,,,,,,,
#NAME?,Colima,1996,,,,,,,,,,,,2,,,,,,,,,,,,,,
#NAME?,Colima,1999,,,,,,,,,,,,,,,,1,1,,,,,,,,,
#NAME?,Colima,2000,,,,,,,,,,,,,,,,1,,,,,,,,,,
#NAME?,Colima,2001,,,,,,,,,,,,,,,,,2,1,,,,,,,,
#NAME?,Colima,2002,,,,,,,,,,,,,,,,,,,3,,,,,,,
#NAME?,Colima,2003,,,,,,,,,,,,,,,,,,,1,1,,,,,,
#NAME?,Colima,2004,,,,,,,,,,,,,,,,,,,,2,,,,,,
#NAME?,Colima,2005,,,,,,,,,,,,,,,,,,,,,1,,1,,,
#NAME?,Colima,2006,,,,,,,,,,,,,,,,,,,,,,1,2,,,
#NAME?,Colima,2007,,,,,,,,,,,,,,,,,,,,,,,,2,,
#NAME?,Colima,2008,,,,,,,,,,,,,,,,,,,,,,,,1,,
#NAME?,Colima,2009,,,,,,,,,,,,,,,,,,,,,,,,,111,
#NAME?,Colima,2010,,,,,,,,,,,,,,,,,,,,,,,,,,90
#NAME?,Chiapas,Total,,,,,,,,,6,18,5,4,13,11,8,8,11,10,10,8,5,5,6,4,285,289
#NAME?,Chiapas,1971,,,,,,,,,,1,,,,,,,,,,,,,,,,
#NAME?,Chiapas,1989,,,,,,,,,,1,,,,,,,,,,,,,,,,
#NAME?,Chiapas,1991,,,,,,,,,,1,,,,,,,,,,,,,,,,
#NAME?,Chiapas,1992,,,,,,,,,1,,,,,,,,,,,,,,,,,
#NAME?,Chiapas,1993,,,,,,,,,5,5,,,1,,,,,,,,,,,,,
#NAME?,Chiapas,1994,,,,,,,,,,9,2,,1,,,,,,,,,,,,,
#NAME?,Chiapas,1995,,,,,,,,,,,3,2,,,,,,,,,,,,,,
#NAME?,Chiapas,1996,,,,,,,,,,,,2,5,,,,,,,,,,,,,
#NAME?,Chiapas,1997,,,,,,,,,,,,,6,4,,,,,,,,,,,,
#NAME?,Chiapas,1998,,,,,,,,,,,,,,7,3,,,,,,,,,,,
#NAME?,Chiapas,1999,,,,,,,,,,,,,,,5,3,,,1,,,,,,,
#NAME?,Chiapas,2000,,,,,,,,,,,,,,,,5,2,1,,,,,,,,
#NAME?,Chiapas,2001,,,,,,,,,,,,,,,,,9,3,2,,,,,,,
#NAME?,Chiapas,2002,,,,,,,,,,,,,,,,,,6,3,,,,,,,
#NAME?,Chiapas,2003,,,,,,,,,,,,,,,,,,,4,6,1,,,,,
#NAME?,Chiapas,2004,,,,,,,,,,,,,,,,,,,,2,1,1,,,,
#NAME?,Chiapas,2005,,,,,,,,,,,,,,,,,,,,,3,1,,1,,
#NAME?,Chiapas,2006,,,,,,,,,,,,,,,,,,,,,,3,3,,,
#NAME?,Chiapas,2007,,,,,,,,,,,,,,,,,,,,,,,3,1,,
#NAME?,Chiapas,2008,,,,,,,,,,,,,,,,,,,,,,,,2,3,
#NAME?,Chiapas,2009,,,,,,,,,,,,,,,,,,,,,,,,,282,1
#NAME?,Chiapas,2010,,,,,,,,,,,,,,,,,,,,,,,,,,288
#NAME?,Chiapas,No especificado,,,,,,,,,,1,,,,,,,,,,,,,,,,
#NAME?,Chihuahua,Total,,,,,,,,,6,10,5,7,9,7,4,3,6,8,8,6,6,6,1,1,62,66
#NAME?,Chihuahua,1987,,,,,,,,,,1,,,,,,,,,,,,,,,,
#NAME?,Chihuahua,1990,,,,,,,,,,,1,,,,,,,,,,,,,,,
#NAME?,Chihuahua,1991,,,,,,,,,,1,,1,,,,,,,,,,,,,,
#NAME?,Chihuahua,1992,,,,,,,,,2,2,,,,,,,,,,,,,,,,
#NAME?,Chihuahua,1993,,,,,,,,,4,3,,,,,,,,,,,,,,,,
#NAME?,Chihuahua,1994,,,,,,,,,,3,1,1,,,,,,,,,,,,,,
#NAME?,Chihuahua,1995,,,,,,,,,,,3,2,1,,,,,,,,,,,,,
#NAME?,Chihuahua,1996,,,,,,,,,,,,3,3,,,,,,,,,,,,,
#NAME?,Chihuahua,1997,,,,,,,,,,,,,5,2,,,,,,,,,,,,
#NAME?,Chihuahua,1998,,,,,,,,,,,,,,5,3,,,,,,,,,,,
#NAME?,Chihuahua,1999,,,,,,,,,,,,,,,1,2,,,,,,,,,,
#NAME?,Chihuahua,2000,,,,,,,,,,,,,,,,1,,1,,,,,,,,
#NAME?,Chihuahua,2001,,,,,,,,,,,,,,,,,6,1,,,,,,,,
#NAME?,Chihuahua,2002,,,,,,,,,,,,,,,,,,6,6,,,,,,,
#NAME?,Chihuahua,2003,,,,,,,,,,,,,,,,,,,2,3,,,,,,
#NAME?,Chihuahua,2004,,,,,,,,,,,,,,,,,,,,3,3,,,,,1
#NAME?,Chihuahua,2005,,,,,,,,,,,,,,,,,,,,,3,1,1,,,
#NAME?,Chihuahua,2006,,,,,,,,,,,,,,,,,,,,,,5,,,,
#NAME?,Chihuahua,2008,,,,,,,,,,,,,,,,,,,,,,,,1,,
#NAME?,Chihuahua,2009,,,,,,,,,,,,,,,,,,,,,,,,,62,1
#NAME?,Chihuahua,2010,,,,,,,,,,,,,,,,,,,,,,,,,,64
#NAME?,Distrito Federal,Total,,,,,,,,,4836,5474,5692,5785,5374,5706,6066,6064,6472,6450,6222,5880,6204,6065,6324,6884,5775,7186
#NAME?,Distrito Federal,1920,,,,,,,,,1,,,,,,,,,,,,,,,,,
#NAME?,Distrito Federal,1959,,,,,,,,,,,1,,,,,,,,,,,,,,,
#NAME?,Distrito Federal,1962,,,,,,,,,,1,,,,,,,,,,,,,,,,
#NAME?,Distrito Federal,1963,,,,,,,,,,,1,,,,,,,,,,,,,,,
#NAME?,Distrito Federal,1967,,,,,,,,,,2,,1,,,1,,,,,,,,,,,
#NAME?,Distrito Federal,1968,,,,,,,,,,,,1,,,,,,,,,,,,,,
#NAME?,Distrito Federal,1969,,,,,,,,,1,,,,,,,,,,,,,,,,,
#NAME?,Distrito Federal,1970,,,,,,,,,,,,,,,,1,,,,,,,,,,
#NAME?,Distrito Federal,1971,,,,,,,,,,2,1,1,,,,,,,,,,,,,,
#NAME?,Distrito Federal,1972,,,,,,,,,1,2,1,,,,,,,,,,,,,,,
#NAME?,Distrito Federal,1973,,,,,,,,,1,2,,,,,,1,,,,,,,,,,
#NAME?,Distrito Federal,1974,,,,,,,,,,1,3,1,,,,1,,,,,,,,,,
#NAME?,Distrito Federal,1975,,,,,,,,,1,1,2,,,,,,,,,,,,,,,
#NAME?,Distrito Federal,1976,,,,,,,,,1,3,2,2,,,,,,,,,,,,,,
#NAME?,Distrito Federal,1977,,,,,,,,,2,2,2,6,,,1,,,,,,,,,,,
#NAME?,Distrito Federal,1978,,,,,,,,,3,4,6,1,1,,,,,,,,,,,,,
#NAME?,Distrito Federal,1979,,,,,,,,,,8,3,1,,,,,,,,,,,,,,
#NAME?,Distrito Federal,1980,,,,,,,,,,4,6,5,,,,,,,1,,2,,,1,1,
#NAME?,Distrito Federal,1981,,,,,,,,,1,9,10,6,,,1,,,,2,,1,,,,,
#NAME?,Distrito Federal,1982,,,,,,,,,5,13,4,3,,,2,,,1,,,,,,,,
#NAME?,Distrito Federal,1983,,,,,,,,,5,15,8,10,,,1,1,,2,,,1,,,,,
#NAME?,Distrito Federal,1984,,,,,,,,,6,20,15,11,,1,1,1,1,1,,2,,,,,,
#NAME?,Distrito Federal,1985,,,,,,,,,5,18,16,12,1,,1,,,,1,1,1,,,,1,
#NAME?,Distrito Federal,1986,,,,,,,,,4,28,21,20,1,,1,2,,,,,,1,,,,
#NAME?,Distrito Federal,1987,,,,,,,,,15,40,33,32,1,,,2,2,,2,,,,1,,,
#NAME?,Distrito Federal,1988,,,,,,,,,16,46,46,31,2,3,3,2,,1,,,,,1,,,
#NAME?,Distrito Federal,1989,,,,,,,,,22,79,48,40,2,1,3,1,1,,2,1,,,1,,,
#NAME?,Distrito Federal,1990,,,,,,,,,49,100,86,56,1,2,4,1,2,2,,,,,2,,2,
#NAME?,Distrito Federal,1991,,,,,,,,,139,139,98,101,3,2,1,1,2,,,,1,1,,1,2,
#NAME?,Distrito Federal,1992,,,,,,,,,1585,250,151,123,5,5,8,2,2,2,2,,1,1,,,1,
#NAME?,Distrito Federal,1993,,,,,,,,,2966,1841,296,147,14,5,4,4,,,4,1,1,,2,,,
#NAME?,Distrito Federal,1994,,,,,,,,,,2836,2026,289,23,10,8,6,3,2,,1,4,,2,,1,
#NAME?,Distrito Federal,1995,,,,,,,,,,,2806,2005,119,22,9,7,4,3,4,3,6,4,,,,1
#NAME?,Distrito Federal,1996,,,,,,,,,,,,2880,1627,86,21,12,3,5,2,1,2,4,,1,,1
#NAME?,Distrito Federal,1997,,,,,,,,,,,,,3574,1837,98,16,6,7,4,3,6,2,2,1,1,2
#NAME?,Distrito Federal,1998,,,,,,,,,,,,,,3732,1875,86,39,14,5,4,5,3,2,,1,
#NAME?,Distrito Federal,1999,,,,,,,,,,,,,,,4023,1898,117,29,14,12,9,4,2,,1,
#NAME?,Distrito Federal,2000,,,,,,,,,,,,,,,,4019,2044,148,38,16,10,7,4,3,1,1
#NAME?,Distrito Federal,2001,,,,,,,,,,,,,,,,,4246,2237,190,32,16,11,6,2,1,3
#NAME?,Distrito Federal,2002,,,,,,,,,,,,,,,,,,3996,1975,143,39,13,11,7,4,4
#NAME?,Distrito Federal,2003,,,,,,,,,,,,,,,,,,,3976,1799,149,43,17,10,6,2
#NAME?,Distrito Federal,2004,,,,,,,,,,,,,,,,,,,,3861,1859,144,23,13,7,5
#NAME?,Distrito Federal,2005,,,,,,,,,,,,,,,,,,,,,4090,1742,148,36,14,2
#NAME?,Distrito Federal,2006,,,,,,,,,,,,,,,,,,,,,,4085,1794,153,32,12
#NAME?,Distrito Federal,2007,,,,,,,,,,,,,,,,,,,,,,,4306,1724,127,21
#NAME?,Distrito Federal,2008,,,,,,,,,,,,,,,,,,,,,,,,4932,1598,97
#NAME?,Distrito Federal,2009,,,,,,,,,,,,,,,,,,,,,,,,,3974,2118
#NAME?,Distrito Federal,2010,,,,,,,,,,,,,,,,,,,,,,,,,,4917
#NAME?,Distrito Federal,No especificado,,,,,,,,,7,8,,,,,,,,,,,1,,,,,
#NAME?,Durango,Total,,,,,,,,,1,3,6,3,3,3,2,1,4,2,5,3,2,3,,,154,164
#NAME?,Durango,1989,,,,,,,,,,1,,,,,,,,,,,,,,,,
#NAME?,Durango,1991,,,,,,,,,,1,,,,,,,,,,,,,,,,
#NAME?,Durango,1992,,,,,,,,,,,1,,,,,,,,,,,,,,,
#NAME?,Durango,1993,,,,,,,,,1,,,,,,,,,,,,,,,,,
#NAME?,Durango,1994,,,,,,,,,,1,1,,,,,,,,,,,,,,,
#NAME?,Durango,1995,,,,,,,,,,,4,1,,,,,,,,,,,,,,
#NAME?,Durango,1996,,,,,,,,,,,,2,1,,,,,,,,,,,,,
#NAME?,Durango,1997,,,,,,,,,,,,,2,1,,,,,,,,,,,,
#NAME?,Durango,1998,,,,,,,,,,,,,,2,1,,,,,,,,,,,
#NAME?,Durango,1999,,,,,,,,,,,,,,,1,,,,,,,1,,,,
#NAME?,Durango,2000,,,,,,,,,,,,,,,,1,2,1,,,,,,,,
#NAME?,Durango,2001,,,,,,,,,,,,,,,,,2,,1,,,,,,,
#NAME?,Durango,2002,,,,,,,,,,,,,,,,,,1,3,1,,,,,,
#NAME?,Durango,2003,,,,,,,,,,,,,,,,,,,1,,,,,,,
#NAME?,Durango,2004,,,,,,,,,,,,,,,,,,,,2,1,,,,,
#NAME?,Durango,2005,,,,,,,,,,,,,,,,,,,,,1,2,,,,
#NAME?,Durango,2008,,,,,,,,,,,,,,,,,,,,,,,,,1,
#NAME?,Durango,2009,,,,,,,,,,,,,,,,,,,,,,,,,153,2
#NAME?,Durango,2010,,,,,,,,,,,,,,,,,,,,,,,,,,162
#NAME?,Guanajuato,Total,,,,,,,,,18,14,18,21,15,21,9,18,27,17,18,9,11,10,12,12,60,79
#NAME?,Guanajuato,1983,,,,,,,,,,1,,,,,,,,,,,,,,,,
#NAME?,Guanajuato,1990,,,,,,,,,1,1,,,,,,,,,,,,,,,,
#NAME?,Guanajuato,1991,,,,,,,,,1,1,,1,,,,,,,,,,,,,,
#NAME?,Guanajuato,1992,,,,,,,,,6,1,,,,,,,,,,,,,,,,
#NAME?,Guanajuato,1993,,,,,,,,,10,5,,,,,,,,,,,,,,,,
#NAME?,Guanajuato,1994,,,,,,,,,,5,11,2,,,,,,,,,,,,,,
#NAME?,Guanajuato,1995,,,,,,,,,,,7,9,,,,,,,,,,,,,,
#NAME?,Guanajuato,1996,,,,,,,,,,,,9,6,,,,,,,,,,,,,
#NAME?,Guanajuato,1997,,,,,,,,,,,,,9,11,,,,,,,,1,,,,
#NAME?,Guanajuato,1998,,,,,,,,,,,,,,10,3,,,,,,,,,,,
#NAME?,Guanajuato,1999,,,,,,,,,,,,,,,6,8,,,,,,,,,,
#NAME?,Guanajuato,2000,,,,,,,,,,,,,,,,10,10,,,,,,,,,
#NAME?,Guanajuato,2001,,,,,,,,,,,,,,,,,17,2,1,,,,,,,
#NAME?,Guanajuato,2002,,,,,,,,,,,,,,,,,,15,6,,,,,,,
#NAME?,Guanajuato,2003,,,,,,,,,,,,,,,,,,,11,3,2,,,,,
#NAME?,Guanajuato,2004,,,,,,,,,,,,,,,,,,,,6,4,,,,,
#NAME?,Guanajuato,2005,,,,,,,,,,,,,,,,,,,,,5,3,,1,,
#NAME?,Guanajuato,2006,,,,,,,,,,,,,,,,,,,,,,6,10,1,,1
#NAME?,Guanajuato,2007,,,,,,,,,,,,,,,,,,,,,,,2,5,,
#NAME?,Guanajuato,2008,,,,,,,,,,,,,,,,,,,,,,,,5,5,
#NAME?,Guanajuato,2009,,,,,,,,,,,,,,,,,,,,,,,,,55,8
#NAME?,Guanajuato,2010,,,,,,,,,,,,,,,,,,,,,,,,,,70
#NAME?,Guerrero,Total,,,,,,,,,37,38,49,46,35,34,38,50,29,51,50,37,25,38,29,33,179,210
#NAME?,Guerrero,1976,,,,,,,,,,1,,,,,,,,,,,,,,,,
#NAME?,Guerrero,1981,,,,,,,,,1,,,,,,,,,,,,,,,,,
#NAME?,Guerrero,1982,,,,,,,,,,,,,,,,,,1,,,,,,,,
#NAME?,Guerrero,1983,,,,,,,,,,,,,,,,,,1,,,,,,,,
#NAME?,Guerrero,1984,,,,,,,,,,,,1,,,,,,,,1,,,,,,
#NAME?,Guerrero,1987,,,,,,,,,,,,1,,,,,,,,,,,,,,
#NAME?,Guerrero,1988,,,,,,,,,,1,,,,,,,,,,,,,,,,
#NAME?,Guerrero,1989,,,,,,,,,1,1,1,,,,,,,,,,,,,,,
#NAME?,Guerrero,1990,,,,,,,,,,,,1,,,,,,,,,,,,,,
#NAME?,Guerrero,1991,,,,,,,,,2,1,1,1,,,,,,1,,,,,,,,
#NAME?,Guerrero,1992,,,,,,,,,16,2,2,1,1,,,,,,,,,,,,,
#NAME?,Guerrero,1993,,,,,,,,,17,11,1,,,,,,,,1,,,,,,,
#NAME?,Guerrero,1994,,,,,,,,,,21,23,1,,,,,1,,,,,,,,,
#NAME?,Guerrero,1995,,,,,,,,,,,21,19,,,,,,,,,,,,,,
#NAME?,Guerrero,1996,,,,,,,,,,,,21,12,2,2,,,,,,,,,,,
#NAME?,Guerrero,1997,,,,,,,,,,,,,22,18,2,,,,,,,,,,,
#NAME?,Guerrero,1998,,,,,,,,,,,,,,14,14,2,,,,,,1,,,,
#NAME?,Guerrero,1999,,,,,,,,,,,,,,,20,22,1,,,,,,,,,
#NAME?,Guerrero,2000,,,,,,,,,,,,,,,,26,9,2,,,,,,,,
#NAME?,Guerrero,2001,,,,,,,,,,,,,,,,,18,23,4,,,,1,,,
#NAME?,Guerrero,2002,,,,,,,,,,,,,,,,,,23,16,,,,,,,
#NAME?,Guerrero,2003,,,,,,,,,,,,,,,,,,,29,16,2,,,,,
#NAME?,Guerrero,2004,,,,,,,,,,,,,,,,,,,,20,10,,,,,
#NAME?,Guerrero,2005,,,,,,,,,,,,,,,,,,,,,13,14,4,,,
#NAME?,Guerrero,2006,,,,,,,,,,,,,,,,,,,,,,23,12,3,,
#NAME?,Guerrero,2007,,,,,,,,,,,,,,,,,,,,,,,12,11,2,
#NAME?,Guerrero,2008,,,,,,,,,,,,,,,,,,,,,,,,19,17,1
#NAME?,Guerrero,2009,,,,,,,,,,,,,,,,,,,,,,,,,160,17
#NAME?,Guerrero,2010,,,,,,,,,,,,,,,,,,,,,,,,,,192
#NAME?,Hidalgo,Total,,,,,,,,,54,67,51,55,47,57,52,64,49,58,64,32,33,54,46,40,146,153
#NAME?,Hidalgo,1965,,,,,,,,,,1,,,,,,,,,,,,,,,,
#NAME?,Hidalgo,1976,,,,,,,,,1,,,,,,,,,,,,,,,,,
#NAME?,Hidalgo,1986,,,,,,,,,,,1,,,,,,,,,,,,,,,
#NAME?,Hidalgo,1989,,,,,,,,,,,,,1,1,,,,,,,,,,,,
#NAME?,Hidalgo,1991,,,,,,,,,2,2,1,,,,,,,,,,,,,,,
#NAME?,Hidalgo,1992,,,,,,,,,18,3,1,,,,,,,,,,,,,,,
#NAME?,Hidalgo,1993,,,,,,,,,33,32,2,1,,,,,,,,,,,,1,,
#NAME?,Hidalgo,1994,,,,,,,,,,29,24,4,1,,,,,,,,,,,,,
#NAME?,Hidalgo,1995,,,,,,,,,,,22,21,3,1,,,,,,,,,,,,
#NAME?,Hidalgo,1996,,,,,,,,,,,,29,21,1,,,,,,,,,,,,
#NAME?,Hidalgo,1997,,,,,,,,,,,,,21,17,5,,,,,,,,,,,
#NAME?,Hidalgo,1998,,,,,,,,,,,,,,37,13,2,,,,,,,,,,
#NAME?,Hidalgo,1999,,,,,,,,,,,,,,,34,22,1,,1,,,,,,,
#NAME?,Hidalgo,2000,,,,,,,,,,,,,,,,40,21,1,,,,,,,,
#NAME?,Hidalgo,2001,,,,,,,,,,,,,,,,,27,22,3,,,,,,,
#NAME?,Hidalgo,2002,,,,,,,,,,,,,,,,,,35,24,,,,,,,
#NAME?,Hidalgo,2003,,,,,,,,,,,,,,,,,,,36,15,,,,,,
#NAME?,Hidalgo,2004,,,,,,,,,,,,,,,,,,,,17,15,2,,1,,
#NAME?,Hidalgo,2005,,,,,,,,,,,,,,,,,,,,,18,19,2,1,,
#NAME?,Hidalgo,2006,,,,,,,,,,,,,,,,,,,,,,33,13,2,,
#NAME?,Hidalgo,2007,,,,,,,,,,,,,,,,,,,,,,,31,19,,
#NAME?,Hidalgo,2008,,,,,,,,,,,,,,,,,,,,,,,,16,12,
#NAME?,Hidalgo,2009,,,,,,,,,,,,,,,,,,,,,,,,,134,21
#NAME?,Hidalgo,2010,,,,,,,,,,,,,,,,,,,,,,,,,,132
#NAME?,Jalisco,Total,,,,,,,,,21,33,17,29,18,19,27,22,36,21,20,13,14,17,9,16,252,152
#NAME?,Jalisco,1989,,,,,,,,,,1,,,,,,,,,,,,,,,,
#NAME?,Jalisco,1990,,,,,,,,,,,1,,,,,,,,,,,,,,,
#NAME?,Jalisco,1991,,,,,,,,,1,,,,,,,,,,,,,,,,,
#NAME?,Jalisco,1992,,,,,,,,,11,4,,,,,,,,,,,,,,,,
#NAME?,Jalisco,1993,,,,,,,,,9,9,2,1,,,,,,,,,,,,,,
#NAME?,Jalisco,1994,,,,,,,,,,19,6,1,,,,,,,,,,,,,,
#NAME?,Jalisco,1995,,,,,,,,,,,8,14,,,,,,,,,,,,,,
#NAME?,Jalisco,1996,,,,,,,,,,,,13,6,,,,,,,,,,,,,
#NAME?,Jalisco,1997,,,,,,,,,,,,,12,3,,1,1,,,,,,,,,
#NAME?,Jalisco,1998,,,,,,,,,,,,,,16,8,,,,,,,,,,,
#NAME?,Jalisco,1999,,,,,,,,,,,,,,,19,7,2,,,,,,,,,
#NAME?,Jalisco,2000,,,,,,,,,,,,,,,,14,10,1,,,,,,,,
#NAME?,Jalisco,2001,,,,,,,,,,,,,,,,,23,7,2,,,,,,,
#NAME?,Jalisco,2002,,,,,,,,,,,,,,,,,,13,3,,,,,,,
#NAME?,Jalisco,2003,,,,,,,,,,,,,,,,,,,15,6,1,,,,,
#NAME?,Jalisco,2004,,,,,,,,,,,,,,,,,,,,7,1,,1,,,
#NAME?,Jalisco,2005,,,,,,,,,,,,,,,,,,,,,12,9,,,,
#NAME?,Jalisco,2006,,,,,,,,,,,,,,,,,,,,,,8,4,,,
#NAME?,Jalisco,2007,,,,,,,,,,,,,,,,,,,,,,,4,8,,
#NAME?,Jalisco,2008,,,,,,,,,,,,,,,,,,,,,,,,8,8,
#NAME?,Jalisco,2009,,,,,,,,,,,,,,,,,,,,,,,,,244,9
#NAME?,Jalisco,2010,,,,,,,,,,,,,,,,,,,,,,,,,,143
#NAME?,México,Total,,,,,,,,,482,582,605,626,578,598,673,673,702,742,704,533,559,496,444,496,1049,1301
#NAME?,México,1972,,,,,,,,,,,1,,,,,,,,,,,,,,,
#NAME?,México,1979,,,,,,,,,1,1,,,,,,1,,,,,,,,,,
#NAME?,México,1980,,,,,,,,,1,1,3,,,,,,,,,,,,,,,
#NAME?,México,1981,,,,,,,,,,,2,,,,,,,,,,,,,,,
#NAME?,México,1982,,,,,,,,,1,,1,1,,,,,,,,,,,,1,,
#NAME?,México,1983,,,,,,,,,,2,1,,,,,,,,,,,,,,,
#NAME?,México,1984,,,,,,,,,1,,,1,,,,,,,,,,,,,,
#NAME?,México,1985,,,,,,,,,,1,3,1,,,,,,,,,,,,,,
#NAME?,México,1986,,,,,,,,,,,1,3,1,,,,,,,,,,,,,
#NAME?,México,1987,,,,,,,,,,3,3,2,,,1,,,,,,,,,,,
#NAME?,México,1988,,,,,,,,,4,2,3,1,,,,,,,,,,1,,,,
#NAME?,México,1989,,,,,,,,,4,5,3,2,,,,1,1,,,,,,,,,
#NAME?,México,1990,,,,,,,,,7,9,4,6,,1,,,1,,1,,,,,,,
#NAME?,México,1991,,,,,,,,,14,10,7,1,1,2,,,,,,,,,,,,
#NAME?,México,1992,,,,,,,,,188,18,10,6,,1,,1,1,,,,,1,,,,
#NAME?,México,1993,,,,,,,,,261,230,31,11,3,,,,1,,,,,,,,,
#NAME?,México,1994,,,,,,,,,,299,233,32,2,1,2,1,1,,1,,,,,,,
#NAME?,México,1995,,,,,,,,,,,299,241,12,1,,,,,,,1,,,,,
#NAME?,México,1996,,,,,,,,,,,,318,213,12,1,,,2,,,,,,,,
#NAME?,México,1997,,,,,,,,,,,,,346,205,15,1,2,1,,,,,,,,
#NAME?,México,1998,,,,,,,,,,,,,,375,217,17,5,,1,,,,,,1,
#NAME?,México,1999,,,,,,,,,,,,,,,437,243,14,5,,1,1,1,2,,1,
#NAME?,México,2000,,,,,,,,,,,,,,,,408,259,17,4,3,3,1,1,,,
#NAME?,México,2001,,,,,,,,,,,,,,,,,417,289,22,3,1,2,2,,,
#NAME?,México,2002,,,,,,,,,,,,,,,,,,428,263,22,2,5,1,,,1
#NAME?,México,2003,,,,,,,,,,,,,,,,,,,412,207,14,5,2,,,
#NAME?,México,2004,,,,,,,,,,,,,,,,,,,,297,244,17,4,2,3,
#NAME?,México,2005,,,,,,,,,,,,,,,,,,,,,293,195,23,7,,2
#NAME?,México,2006,,,,,,,,,,,,,,,,,,,,,,268,220,20,2,2
#NAME?,México,2007,,,,,,,,,,,,,,,,,,,,,,,189,206,15,6
#NAME?,México,2008,,,,,,,,,,,,,,,,,,,,,,,,260,202,18
#NAME?,México,2009,,,,,,,,,,,,,,,,,,,,,,,,,825,310
#NAME?,México,2010,,,,,,,,,,,,,,,,,,,,,,,,,,962
#NAME?,México,No especificado,,,,,,,,,,1,,,,,,,,,,,,,,,,
#NAME?,Michoacán de Ocampo,Total,,,,,,,,,27,32,35,32,24,30,42,39,36,37,37,28,24,19,14,20,213,213
#NAME?,Michoacán de Ocampo,1987,,,,,,,,,,1,,,,,,,,,,,,,,,,
#NAME?,Michoacán de Ocampo,1990,,,,,,,,,,1,,,,,,,,,,,,,,,,
#NAME?,Michoacán de Ocampo,1992,,,,,,,,,13,3,1,2,,,1,,,,,,,,,,,
#NAME?,Michoacán de Ocampo,1993,,,,,,,,,14,17,,,,,,,,,,,,,,,,
#NAME?,Michoacán de Ocampo,1994,,,,,,,,,,10,16,3,1,,,,,,,,,,,,,
#NAME?,Michoacán de Ocampo,1995,,,,,,,,,,,18,14,,,,,,,,,,,,,,
#NAME?,Michoacán de Ocampo,1996,,,,,,,,,,,,13,8,1,,,,,,,,,,,,
#NAME?,Michoacán de Ocampo,1997,,,,,,,,,,,,,15,11,,,1,,,,,,,,,
#NAME?,Michoacán de Ocampo,1998,,,,,,,,,,,,,,18,20,,,,,,,,,,,
#NAME?,Michoacán de Ocampo,1999,,,,,,,,,,,,,,,21,14,,,,,,,,,,
#NAME?,Michoacán de Ocampo,2000,,,,,,,,,,,,,,,,25,23,2,,,,,,,,
#NAME?,Michoacán de Ocampo,2001,,,,,,,,,,,,,,,,,12,16,2,,,,,,,
#NAME?,Michoacán de Ocampo,2002,,,,,,,,,,,,,,,,,,19,20,1,,,,,,
#NAME?,Michoacán de Ocampo,2003,,,,,,,,,,,,,,,,,,,15,8,,1,,,,
#NAME?,Michoacán de Ocampo,2004,,,,,,,,,,,,,,,,,,,,19,10,,1,,,
#NAME?,Michoacán de Ocampo,2005,,,,,,,,,,,,,,,,,,,,,14,7,,,,
#NAME?,Michoacán de Ocampo,2006,,,,,,,,,,,,,,,,,,,,,,11,8,,1,
#NAME?,Michoacán de Ocampo,2007,,,,,,,,,,,,,,,,,,,,,,,5,9,,
#NAME?,Michoacán de Ocampo,2008,,,,,,,,,,,,,,,,,,,,,,,,11,13,1
#NAME?,Michoacán de Ocampo,2009,,,,,,,,,,,,,,,,,,,,,,,,,199,17
#NAME?,Michoacán de Ocampo,2010,,,,,,,,,,,,,,,,,,,,,,,,,,195
#NAME?,Morelos,Total,,,,,,,,,42,51,66,54,60,51,65,79,81,65,77,55,65,57,40,39,175,249
#NAME?,Morelos,1978,,,,,,,,,,,1,,,,,,,,,,,,,,,
#NAME?,Morelos,1980,,,,,,,,,,,,1,,,,,,,,,,,,,,
#NAME?,Morelos,1983,,,,,,,,,,,1,,,,,,,,,,,,,,,
#NAME?,Morelos,1985,,,,,,,,,,1,,1,,,,,,,,,,,,,,
#NAME?,Morelos,1986,,,,,,,,,,1,,,,,,,,,,,,,,,,
#NAME?,Morelos,1987,,,,,,,,,,1,1,1,,,,,,,,,,,,,,
#NAME?,Morelos,1988,,,,,,,,,,2,,,,,,,,,,,,,,,,
#NAME?,Morelos,1989,,,,,,,,,,1,,,,,,,,,,,,,,,,
#NAME?,Morelos,1990,,,,,,,,,,1,1,,,,,,,,,,,,,,,
#NAME?,Morelos,1991,,,,,,,,,,1,4,2,,,,,,,,,,,,,,
#NAME?,Morelos,1992,,,,,,,,,15,3,2,2,,,,,,,,,,,,,,
#NAME?,Morelos,1993,,,,,,,,,27,13,2,4,,,,,,,,,,,,,,
#NAME?,Morelos,1994,,,,,,,,,,27,18,1,,,,,,,,,,,,,,
#NAME?,Morelos,1995,,,,,,,,,,,36,14,,,,,,,,,,,,,,
#NAME?,Morelos,1996,,,,,,,,,,,,28,14,,,,,,,,,,,,,
#NAME?,Morelos,1997,,,,,,,,,,,,,46,11,1,1,,,,,1,,,,,
#NAME?,Morelos,1998,,,,,,,,,,,,,,40,24,,,,,,,,,,,
#NAME?,Morelos,1999,,,,,,,,,,,,,,,40,21,2,1,,,,,,,,
#NAME?,Morelos,2000,,,,,,,,,,,,,,,,57,18,3,,,,,,,,
#NAME?,Morelos,2001,,,,,,,,,,,,,,,,,61,18,,,,,,,,
#NAME?,Morelos,2002,,,,,,,,,,,,,,,,,,43,22,3,1,,,,,
#NAME?,Morelos,2003,,,,,,,,,,,,,,,,,,,55,12,1,,,,1,
#NAME?,Morelos,2004,,,,,,,,,,,,,,,,,,,,40,21,1,1,1,,
#NAME?,Morelos,2005,,,,,,,,,,,,,,,,,,,,,41,23,1,,,
#NAME?,Morelos,2006,,,,,,,,,,,,,,,,,,,,,,33,14,1,1,
#NAME?,Morelos,2007,,,,,,,,,,,,,,,,,,,,,,,24,15,1,
#NAME?,Morelos,2008,,,,,,,,,,,,,,,,,,,,,,,,22,15,2
#NAME?,Morelos,2009,,,,,,,,,,,,,,,,,,,,,,,,,157,26
#NAME?,Morelos,2010,,,,,,,,,,,,,,,,,,,,,,,,,,221
#NAME?,Nayarit,Total,,,,,,,,,1,2,3,3,2,2,4,3,2,2,,1,1,4,,,6,7
#NAME?,Nayarit,1978,,,,,,,,,,,,,,,1,,,,,,,,,,,
#NAME?,Nayarit,1993,,,,,,,,,1,2,,,,,,,,,,,,,,,,
#NAME?,Nayarit,1994,,,,,,,,,,,,1,,,,,,,,,,,,,,
#NAME?,Nayarit,1995,,,,,,,,,,,3,2,,,,,,,,,,,,,,
#NAME?,Nayarit,1996,,,,,,,,,,,,,1,,,,,,,,,,,,,
#NAME?,Nayarit,1997,,,,,,,,,,,,,1,1,,,,,,,,,,,,
#NAME?,Nayarit,1998,,,,,,,,,,,,,,1,,,,,,,,,,,,
#NAME?,Nayarit,1999,,,,,,,,,,,,,,,3,1,,,,,,,,,,
#NAME?,Nayarit,2000,,,,,,,,,,,,,,,,2,1,,,,,,,,,
#NAME?,Nayarit,2001,,,,,,,,,,,,,,,,,1,,,,,,,,,
#NAME?,Nayarit,2002,,,,,,,,,,,,,,,,,,2,,,,,,,,
#NAME?,Nayarit,2003,,,,,,,,,,,,,,,,,,,,1,1,1,,,,
#NAME?,Nayarit,2005,,,,,,,,,,,,,,,,,,,,,,2,,,,
#NAME?,Nayarit,2006,,,,,,,,,,,,,,,,,,,,,,1,,,,
#NAME?,Nayarit,2007,,,,,,,,,,,,,,,,,,,,,,,,,1,
#NAME?,Nayarit,2009,,,,,,,,,,,,,,,,,,,,,,,,,5,3
#NAME?,Nayarit,2010,,,,,,,,,,,,,,,,,,,,,,,,,,4
#NAME?,Nuevo León,Total,,,,,,,,,9,12,9,9,8,8,10,5,8,10,6,10,8,2,2,7,7,9
#NAME?,Nuevo León,1980,,,,,,,,,,1,,,,,,,,,,,,,,,,
#NAME?,Nuevo León,1987,,,,,,,,,,1,1,,,,,,,,,,,,,,,
#NAME?,Nuevo León,1991,,,,,,,,,2,,,,,,,,,,,,,,,,,
#NAME?,Nuevo León,1992,,,,,,,,,3,,,,,,,,,,,,,,,1,,
#NAME?,Nuevo León,1993,,,,,,,,,4,4,,,,,,,,,,,,,,,,
#NAME?,Nuevo León,1994,,,,,,,,,,6,3,1,,,,,,,,,,,,,,
#NAME?,Nuevo León,1995,,,,,,,,,,,5,6,,,1,,,,,,,,,,,
#NAME?,Nuevo León,1996,,,,,,,,,,,,2,5,,,,,,,,,,,,,
#NAME?,Nuevo León,1997,,,,,,,,,,,,,3,1,,,,,,,,,,,,
#NAME?,Nuevo León,1998,,,,,,,,,,,,,,7,4,,,,,,,,,,,
#NAME?,Nuevo León,1999,,,,,,,,,,,,,,,5,3,,,,,,,,,,
#NAME?,Nuevo León,2000,,,,,,,,,,,,,,,,2,5,,,,,,,,,
#NAME?,Nuevo León,2001,,,,,,,,,,,,,,,,,3,4,,,1,,,,,
#NAME?,Nuevo León,2002,,,,,,,,,,,,,,,,,,6,1,,,,,,,
#NAME?,Nuevo León,2003,,,,,,,,,,,,,,,,,,,5,5,,,,,,
#NAME?,Nuevo León,2004,,,,,,,,,,,,,,,,,,,,5,2,,,,,
#NAME?,Nuevo León,2005,,,,,,,,,,,,,,,,,,,,,5,2,,,,
#NAME?,Nuevo León,2006,,,,,,,,,,,,,,,,,,,,,,,1,1,,
#NAME?,Nuevo León,2007,,,,,,,,,,,,,,,,,,,,,,,1,2,,
#NAME?,Nuevo León,2008,,,,,,,,,,,,,,,,,,,,,,,,3,3,
#NAME?,Nuevo León,2009,,,,,,,,,,,,,,,,,,,,,,,,,4,4
#NAME?,Nuevo León,2010,,,,,,,,,,,,,,,,,,,,,,,,,,5
#NAME?,Oaxaca,Total,,,,,,,,,10,14,22,18,24,24,26,19,24,17,18,16,10,16,12,14,28,33
#NAME?,Oaxaca,1984,,,,,,,,,,,1,,,,,,,,,,,,,,,
#NAME?,Oaxaca,1986,,,,,,,,,,,,,,1,,,,,,,,,,,,
#NAME?,Oaxaca,1989,,,,,,,,,,,,1,,,,,,,,,,,,,,
#NAME?,Oaxaca,1991,,,,,,,,,1,,,,,,,,,,,,,,,,,
#NAME?,Oaxaca,1992,,,,,,,,,3,1,2,,,,,,,,,,,,,,,
#NAME?,Oaxaca,1993,,,,,,,,,6,5,4,1,,,,,,,,,,,,,,
#NAME?,Oaxaca,1994,,,,,,,,,,8,5,,,,,,,,,,,,,,,
#NAME?,Oaxaca,1995,,,,,,,,,,,10,6,1,,,,,,,,,,,,,
#NAME?,Oaxaca,1996,,,,,,,,,,,,10,11,,,,,,,,,,,,,
#NAME?,Oaxaca,1997,,,,,,,,,,,,,12,11,,,,,,,,,,,,
#NAME?,Oaxaca,1998,,,,,,,,,,,,,,12,12,,1,,,,,,,,,
#NAME?,Oaxaca,1999,,,,,,,,,,,,,,,14,5,2,,,,,,,,,
#NAME?,Oaxaca,2000,,,,,,,,,,,,,,,,14,10,,,,,,,,,
#NAME?,Oaxaca,2001,,,,,,,,,,,,,,,,,11,8,1,,,,,,,
#NAME?,Oaxaca,2002,,,,,,,,,,,,,,,,,,9,6,,,,,,,
#NAME?,Oaxaca,2003,,,,,,,,,,,,,,,,,,,11,7,,,,,,
#NAME?,Oaxaca,2004,,,,,,,,,,,,,,,,,,,,9,4,1,,,,
#NAME?,Oaxaca,2005,,,,,,,,,,,,,,,,,,,,,6,8,,,,
#NAME?,Oaxaca,2006,,,,,,,,,,,,,,,,,,,,,,7,5,,,
#NAME?,Oaxaca,2007,,,,,,,,,,,,,,,,,,,,,,,7,6,1,
#NAME?,Oaxaca,2008,,,,,,,,,,,,,,,,,,,,,,,,8,10,1
#NAME?,Oaxaca,2009,,,,,,,,,,,,,,,,,,,,,,,,,17,7
#NAME?,Oaxaca,2010,,,,,,,,,,,,,,,,,,,,,,,,,,25
#NAME?,Puebla,Total,,,,,,,,,42,53,54,65,46,40,43,46,43,49,50,43,28,41,18,35,56,55
#NAME?,Puebla,1984,,,,,,,,,,,1,,,,,,,,,,,,,,,
#NAME?,Puebla,1985,,,,,,,,,,,,1,,,,,,,,,,,,,,
#NAME?,Puebla,1986,,,,,,,,,,,1,,,,,,,,,,,,,,,
#NAME?,Puebla,1987,,,,,,,,,1,,,,,,,,,,,,,,,,,
#NAME?,Puebla,1989,,,,,,,,,,,1,,,,,,,,,,,,,,,
#NAME?,Puebla,1990,,,,,,,,,,,1,,,,,,,,,,,,,,,
#NAME?,Puebla,1991,,,,,,,,,2,,,2,,,,,,,,,,,,,,
#NAME?,Puebla,1992,,,,,,,,,14,2,,,,,,,,,,,,,,,,
#NAME?,Puebla,1993,,,,,,,,,25,23,1,1,,,,,,,,,,,,,,
#NAME?,Puebla,1994,,,,,,,,,,28,24,5,,,,,,,,,,,,,,
#NAME?,Puebla,1995,,,,,,,,,,,25,28,2,,,,,,,,,,,,,
#NAME?,Puebla,1996,,,,,,,,,,,,28,16,,,,,,,,,,,,,
#NAME?,Puebla,1997,,,,,,,,,,,,,28,15,4,,,,,,,,,,,
#NAME?,Puebla,1998,,,,,,,,,,,,,,25,21,1,1,,,,,,,,,
#NAME?,Puebla,1999,,,,,,,,,,,,,,,18,17,1,2,,,,,,,,
#NAME?,Puebla,2000,,,,,,,,,,,,,,,,28,15,2,,,,,,,,
#NAME?,Puebla,2001,,,,,,,,,,,,,,,,,26,18,3,1,,,,,,
#NAME?,Puebla,2002,,,,,,,,,,,,,,,,,,27,15,3,1,,,,,
#NAME?,Puebla,2003,,,,,,,,,,,,,,,,,,,32,16,2,1,,,,
#NAME?,Puebla,2004,,,,,,,,,,,,,,,,,,,,23,11,2,,,,
#NAME?,Puebla,2005,,,,,,,,,,,,,,,,,,,,,14,21,1,1,,
#NAME?,Puebla,2006,,,,,,,,,,,,,,,,,,,,,,17,12,2,,
#NAME?,Puebla,2007,,,,,,,,,,,,,,,,,,,,,,,5,14,1,
#NAME?,Puebla,2008,,,,,,,,,,,,,,,,,,,,,,,,18,13,
#NAME?,Puebla,2009,,,,,,,,,,,,,,,,,,,,,,,,,42,13
#NAME?,Puebla,2010,,,,,,,,,,,,,,,,,,,,,,,,,,42
#NAME?,Querétaro,Total,,,,,,,,,12,10,14,3,8,9,13,10,15,10,7,11,4,5,11,10,14,17
#NAME?,Querétaro,1990,,,,,,,,,1,,,,,,,,,,,,,,,,,
#NAME?,Querétaro,1991,,,,,,,,,,,1,,,,,,,,,,,,,,,
#NAME?,Querétaro,1992,,,,,,,,,7,,,,,,,,,,,,,,,,,
#NAME?,Querétaro,1993,,,,,,,,,4,3,,,,,,,,,,,,,,,,
#NAME?,Querétaro,1994,,,,,,,,,,7,8,,,,,,,,,,,,,,,
#NAME?,Querétaro,1995,,,,,,,,,,,5,,,,,,,,,,,,,,,
#NAME?,Querétaro,1996,,,,,,,,,,,,3,3,,,,,,,,,,,,,
#NAME?,Querétaro,1997,,,,,,,,,,,,,5,2,,1,,,,,,,,,,
#NAME?,Querétaro,1998,,,,,,,,,,,,,,7,2,,,,,,,,,,,
#NAME?,Querétaro,1999,,,,,,,,,,,,,,,11,2,,,,,,,,,,
#NAME?,Querétaro,2000,,,,,,,,,,,,,,,,7,5,,,1,,,,,,
#NAME?,Querétaro,2001,,,,,,,,,,,,,,,,,10,2,,,,,,,,
#NAME?,Querétaro,2002,,,,,,,,,,,,,,,,,,8,2,,,,,,,
#NAME?,Querétaro,2003,,,,,,,,,,,,,,,,,,,5,4,,,,,,
#NAME?,Querétaro,2004,,,,,,,,,,,,,,,,,,,,6,1,,,,,
#NAME?,Querétaro,2005,,,,,,,,,,,,,,,,,,,,,3,4,,,,
#NAME?,Querétaro,2006,,,,,,,,,,,,,,,,,,,,,,1,4,,,
#NAME?,Querétaro,2007,,,,,,,,,,,,,,,,,,,,,,,7,5,,
#NAME?,Querétaro,2008,,,,,,,,,,,,,,,,,,,,,,,,5,5,
#NAME?,Querétaro,2009,,,,,,,,,,,,,,,,,,,,,,,,,9,4
#NAME?,Querétaro,2010,,,,,,,,,,,,,,,,,,,,,,,,,,13
#NAME?,Quintana Roo,Total,,,,,,,,,2,2,3,4,3,6,10,4,6,9,,1,1,5,6,2,6,8
#NAME?,Quintana Roo,1993,,,,,,,,,2,,,,,,,,,,,,,,,,,
#NAME?,Quintana Roo,1994,,,,,,,,,,2,,,,,,,,,,,,,,,,
#NAME?,Quintana Roo,1995,,,,,,,,,,,3,1,,,,,,,,,,,,,,
#NAME?,Quintana Roo,1996,,,,,,,,,,,,3,,,2,,,,,,,,,,,
#NAME?,Quintana Roo,1997,,,,,,,,,,,,,3,1,,,,,,,,,,,,
#NAME?,Quintana Roo,1998,,,,,,,,,,,,,,5,4,,,,,,,,,,,
#NAME?,Quintana Roo,1999,,,,,,,,,,,,,,,4,1,,,,,,,,,,
#NAME?,Quintana Roo,2000,,,,,,,,,,,,,,,,3,3,,,,,,,,,
#NAME?,Quintana Roo,2001,,,,,,,,,,,,,,,,,3,1,,,,,,,,
#NAME?,Quintana Roo,2002,,,,,,,,,,,,,,,,,,8,,,,,,,,
#NAME?,Quintana Roo,2003,,,,,,,,,,,,,,,,,,,,1,,,,,,
#NAME?,Quintana Roo,2004,,,,,,,,,,,,,,,,,,,,,,1,,,,
#NAME?,Quintana Roo,2005,,,,,,,,,,,,,,,,,,,,,1,1,,,,
#NAME?,Quintana Roo,2006,,,,,,,,,,,,,,,,,,,,,,3,,,,
#NAME?,Quintana Roo,2007,,,,,,,,,,,,,,,,,,,,,,,6,2,,
#NAME?,Quintana Roo,2008,,,,,,,,,,,,,,,,,,,,,,,,,1,
#NAME?,Quintana Roo,2009,,,,,,,,,,,,,,,,,,,,,,,,,5,2
#NAME?,Quintana Roo,2010,,,,,,,,,,,,,,,,,,,,,,,,,,6
#NAME?,San Luís Potosí,Total,,,,,,,,,4,7,8,12,5,8,7,7,13,8,7,6,4,2,4,2,8,10
#NAME?,San Luís Potosí,1987,,,,,,,,,,,,1,,,,,,,,,,,,,,
#NAME?,San Luís Potosí,1991,,,,,,,,,1,,,,,,,,,,,,,,,,,
#NAME?,San Luís Potosí,1992,,,,,,,,,1,1,,,,,,,,,,,,,,,,
#NAME?,San Luís Potosí,1993,,,,,,,,,2,5,,,,,,,,,,,,,,,,
#NAME?,San Luís Potosí,1994,,,,,,,,,,1,4,1,,,,,,,,,,,,,,
#NAME?,San Luís Potosí,1995,,,,,,,,,,,4,5,,,,,,,,,,,,,,
#NAME?,San Luís Potosí,1996,,,,,,,,,,,,5,2,,,,,,,,,,,,,
#NAME?,San Luís Potosí,1997,,,,,,,,,,,,,3,1,,,,,,,,,,,,
#NAME?,San Luís Potosí,1998,,,,,,,,,,,,,,7,2,,,,,,,,,,,
#NAME?,San Luís Potosí,1999,,,,,,,,,,,,,,,5,3,1,,,,,,,,,
#NAME?,San Luís Potosí,2000,,,,,,,,,,,,,,,,4,9,1,,,,,,,,
#NAME?,San Luís Potosí,2001,,,,,,,,,,,,,,,,,3,5,,,,,,,,
#NAME?,San Luís Potosí,2002,,,,,,,,,,,,,,,,,,2,3,,,,,,,
#NAME?,San Luís Potosí,2003,,,,,,,,,,,,,,,,,,,4,1,,,,,,
#NAME?,San Luís Potosí,2004,,,,,,,,,,,,,,,,,,,,5,3,,,,,
#NAME?,San Luís Potosí,2005,,,,,,,,,,,,,,,,,,,,,1,1,,,,
#NAME?,San Luís Potosí,2006,,,,,,,,,,,,,,,,,,,,,,1,1,,,
#NAME?,San Luís Potosí,2007,,,,,,,,,,,,,,,,,,,,,,,3,,,
#NAME?,San Luís Potosí,2008,,,,,,,,,,,,,,,,,,,,,,,,2,1,
#NAME?,San Luís Potosí,2009,,,,,,,,,,,,,,,,,,,,,,,,,7,4
#NAME?,San Luís Potosí,2010,,,,,,,,,,,,,,,,,,,,,,,,,,6
#NAME?,Sinaloa,Total,,,,,,,,,7,12,9,9,6,10,9,5,9,11,10,6,10,2,2,5,9,10
#NAME?,Sinaloa,1977,,,,,,,,,,,,1,,,,,,,,,,,,,,
#NAME?,Sinaloa,1988,,,,,,,,,,1,,,,,,,,,,,,,,,,
#NAME?,Sinaloa,1990,,,,,,,,,1,,,,,,,,,,,,,,,,,
#NAME?,Sinaloa,1992,,,,,,,,,2,2,,,,,,,,,,,,,,,,
#NAME?,Sinaloa,1993,,,,,,,,,4,2,,1,,,,,,,,,,,,,,
#NAME?,Sinaloa,1994,,,,,,,,,,7,2,1,,,,,,,,,,,,,,
#NAME?,Sinaloa,1995,,,,,,,,,,,7,2,,,,,,,,,,,,,,
#NAME?,Sinaloa,1996,,,,,,,,,,,,4,2,,,,,,,,,,,,,
#NAME?,Sinaloa,1997,,,,,,,,,,,,,4,3,,,,,,,,,,,,
#NAME?,Sinaloa,1998,,,,,,,,,,,,,,7,3,,,,,,,,,,,
#NAME?,Sinaloa,1999,,,,,,,,,,,,,,,6,1,,,,,,,,,,
#NAME?,Sinaloa,2000,,,,,,,,,,,,,,,,4,4,,1,,,,,,,
#NAME?,Sinaloa,2001,,,,,,,,,,,,,,,,,5,3,,,,,,,,
#NAME?,Sinaloa,2002,,,,,,,,,,,,,,,,,,8,4,,,,,,,
#NAME?,Sinaloa,2003,,,,,,,,,,,,,,,,,,,5,3,1,,,,,
#NAME?,Sinaloa,2004,,,,,,,,,,,,,,,,,,,,3,2,,,,,
#NAME?,Sinaloa,2005,,,,,,,,,,,,,,,,,,,,,7,,1,,,
#NAME?,Sinaloa,2006,,,,,,,,,,,,,,,,,,,,,,2,,,,
#NAME?,Sinaloa,2007,,,,,,,,,,,,,,,,,,,,,,,1,,,
#NAME?,Sinaloa,2008,,,,,,,,,,,,,,,,,,,,,,,,5,4,
#NAME?,Sinaloa,2009,,,,,,,,,,,,,,,,,,,,,,,,,5,6
#NAME?,Sinaloa,2010,,,,,,,,,,,,,,,,,,,,,,,,,,4
#NAME?,Sonora,Total,,,,,,,,,3,5,4,3,1,1,8,3,3,4,7,1,7,3,2,1,3,6
#NAME?,Sonora,1990,,,,,,,,,,,,1,,,,,,,,,,,,,,
#NAME?,Sonora,1992,,,,,,,,,1,,,,,,,,,,,,,,,,,
#NAME?,Sonora,1993,,,,,,,,,2,3,,,,,,,,,,,,,,,,
#NAME?,Sonora,1994,,,,,,,,,,2,2,,,,,,,,,,,,,,,
#NAME?,Sonora,1995,,,,,,,,,,,2,1,,,,,,,,,,,,,,
#NAME?,Sonora,1996,,,,,,,,,,,,1,1,,,,,,,,,,,,,
#NAME?,Sonora,1998,,,,,,,,,,,,,,1,2,,,,,,,,,,,
#NAME?,Sonora,1999,,,,,,,,,,,,,,,6,1,,,,,,,,,,
#NAME?,Sonora,2000,,,,,,,,,,,,,,,,2,,,,,,,,,,
#NAME?,Sonora,2001,,,,,,,,,,,,,,,,,3,2,,,,,,,,
#NAME?,Sonora,2002,,,,,,,,,,,,,,,,,,2,3,,1,,,,,
#NAME?,Sonora,2003,,,,,,,,,,,,,,,,,,,4,,1,,,,,
#NAME?,Sonora,2004,,,,,,,,,,,,,,,,,,,,1,1,,,,,
#NAME?,Sonora,2005,,,,,,,,,,,,,,,,,,,,,4,2,,,,
#NAME?,Sonora,2006,,,,,,,,,,,,,,,,,,,,,,1,2,,,
#NAME?,Sonora,2008,,,,,,,,,,,,,,,,,,,,,,,,1,2,
#NAME?,Sonora,2009,,,,,,,,,,,,,,,,,,,,,,,,,1,3
#NAME?,Sonora,2010,,,,,,,,,,,,,,,,,,,,,,,,,,3
#NAME?,Tabasco,Total,,,,,,,,,6,2,1,4,4,6,3,3,4,4,5,4,4,8,9,8,1,3
#NAME?,Tabasco,1992,,,,,,,,,2,,,,,,,,,,,,,,,,,
#NAME?,Tabasco,1993,,,,,,,,,4,1,,,,,,,,,,,,,,,,
#NAME?,Tabasco,1994,,,,,,,,,,1,,,,,,,,,,,,,,,,
#NAME?,Tabasco,1995,,,,,,,,,,,1,1,,,,,,,,,,,,,,
#NAME?,Tabasco,1996,,,,,,,,,,,,3,2,,,,,,,,,,,,,
#NAME?,Tabasco,1997,,,,,,,,,,,,,2,2,1,,,,,,,,,,,
#NAME?,Tabasco,1998,,,,,,,,,,,,,,4,1,,,,,,,,,,,
#NAME?,Tabasco,1999,,,,,,,,,,,,,,,1,2,1,,1,,,,,,,
#NAME?,Tabasco,2000,,,,,,,,,,,,,,,,1,1,,,,,,,,,
#NAME?,Tabasco,2001,,,,,,,,,,,,,,,,,2,2,,,,,,,,
#NAME?,Tabasco,2002,,,,,,,,,,,,,,,,,,2,1,1,,,,,,
#NAME?,Tabasco,2003,,,,,,,,,,,,,,,,,,,3,1,,,,,,
#NAME?,Tabasco,2004,,,,,,,,,,,,,,,,,,,,2,2,1,,,,
#NAME?,Tabasco,2005,,,,,,,,,,,,,,,,,,,,,2,4,1,,,
#NAME?,Tabasco,2006,,,,,,,,,,,,,,,,,,,,,,3,5,,,
#NAME?,Tabasco,2007,,,,,,,,,,,,,,,,,,,,,,,3,6,,
#NAME?,Tabasco,2008,,,,,,,,,,,,,,,,,,,,,,,,2,,
#NAME?,Tabasco,2009,,,,,,,,,,,,,,,,,,,,,,,,,1,1
#NAME?,Tabasco,2010,,,,,,,,,,,,,,,,,,,,,,,,,,2
#NAME?,Tamaulipas,Total,,,,,,,,,11,12,11,8,7,8,13,9,9,8,9,7,5,7,7,5,10,12
#NAME?,Tamaulipas,1982,,,,,,,,,,,,,,,,,,,,,,,1,,,
#NAME?,Tamaulipas,1986,,,,,,,,,,1,,,,,,,,,,,,,,,,
#NAME?,Tamaulipas,1987,,,,,,,,,,1,1,,,,,,,,,,,,,,,
#NAME?,Tamaulipas,1989,,,,,,,,,,,2,,,,,,,,,,,,,,,
#NAME?,Tamaulipas,1990,,,,,,,,,,,1,1,,,,,,,,,,,,,,
#NAME?,Tamaulipas,1991,,,,,,,,,1,,,,,,,,,,,,,,,,,
#NAME?,Tamaulipas,1992,,,,,,,,,3,,,,,,,,,,,,,,,,,
#NAME?,Tamaulipas,1993,,,,,,,,,7,5,,,,,,,,,,,,,,,,
#NAME?,Tamaulipas,1994,,,,,,,,,,5,,,,,,,,,,,,,,,,
#NAME?,Tamaulipas,1995,,,,,,,,,,,7,2,,,,,,,,,,,,,,
#NAME?,Tamaulipas,1996,,,,,,,,,,,,5,3,,,,,,,,,,,,,
#NAME?,Tamaulipas,1997,,,,,,,,,,,,,4,3,2,,,,1,,,,,,,
#NAME?,Tamaulipas,1998,,,,,,,,,,,,,,5,4,,,,,,,,,,,
#NAME?,Tamaulipas,1999,,,,,,,,,,,,,,,7,4,,,,,,,,,,
#NAME?,Tamaulipas,2000,,,,,,,,,,,,,,,,5,4,,,,,,,,,
#NAME?,Tamaulipas,2001,,,,,,,,,,,,,,,,,5,2,,,,,,,,
#NAME?,Tamaulipas,2002,,,,,,,,,,,,,,,,,,6,3,,,,,,,
#NAME?,Tamaulipas,2003,,,,,,,,,,,,,,,,,,,5,2,,,,,,
#NAME?,Tamaulipas,2004,,,,,,,,,,,,,,,,,,,,5,4,,1,,,
#NAME?,Tamaulipas,2005,,,,,,,,,,,,,,,,,,,,,1,1,,,,
#NAME?,Tamaulipas,2006,,,,,,,,,,,,,,,,,,,,,,6,2,1,,
#NAME?,Tamaulipas,2007,,,,,,,,,,,,,,,,,,,,,,,3,2,,
#NAME?,Tamaulipas,2008,,,,,,,,,,,,,,,,,,,,,,,,2,2,
#NAME?,Tamaulipas,2009,,,,,,,,,,,,,,,,,,,,,,,,,8,5
#NAME?,Tamaulipas,2010,,,,,,,,,,,,,,,,,,,,,,,,,,7
#NAME?,Tlaxcala,Total,,,,,,,,,28,28,25,16,21,23,31,21,28,19,23,15,20,17,9,12,20,35
#NAME?,Tlaxcala,1987,,,,,,,,,,,,1,,,,,,,,,,,,,,
#NAME?,Tlaxcala,1989,,,,,,,,,,1,,,,,,,,,,,,,,,,
#NAME?,Tlaxcala,1990,,,,,,,,,,1,,,,,,,,,,,,,,,,
#NAME?,Tlaxcala,1991,,,,,,,,,1,,,1,,,,,,,,,,,,,,
#NAME?,Tlaxcala,1992,,,,,,,,,10,1,,1,,,,,,,1,,,,,,,
#NAME?,Tlaxcala,1993,,,,,,,,,17,13,,1,,,,,,,,,,,,,,
#NAME?,Tlaxcala,1994,,,,,,,,,,12,13,1,,,,,,,,,,,,,,
#NAME?,Tlaxcala,1995,,,,,,,,,,,12,6,1,,,,,,,,,,,,,
#NAME?,Tlaxcala,1996,,,,,,,,,,,,5,11,1,,,,,,,,,,,,
#NAME?,Tlaxcala,1997,,,,,,,,,,,,,9,5,1,,,,,,,,,,,
#NAME?,Tlaxcala,1998,,,,,,,,,,,,,,17,16,,,,,,,,,,,
#NAME?,Tlaxcala,1999,,,,,,,,,,,,,,,14,9,1,,,,,,,,,
#NAME?,Tlaxcala,2000,,,,,,,,,,,,,,,,12,14,,,,,,,,,
#NAME?,Tlaxcala,2001,,,,,,,,,,,,,,,,,13,9,,,,1,,,,
#NAME?,Tlaxcala,2002,,,,,,,,,,,,,,,,,,10,7,1,1,,,,,1
#NAME?,Tlaxcala,2003,,,,,,,,,,,,,,,,,,,15,3,,,,,,
#NAME?,Tlaxcala,2004,,,,,,,,,,,,,,,,,,,,11,10,2,,,,
#NAME?,Tlaxcala,2005,,,,,,,,,,,,,,,,,,,,,9,11,,,,
#NAME?,Tlaxcala,2006,,,,,,,,,,,,,,,,,,,,,,3,3,,,
#NAME?,Tlaxcala,2007,,,,,,,,,,,,,,,,,,,,,,,6,7,1,
#NAME?,Tlaxcala,2008,,,,,,,,,,,,,,,,,,,,,,,,5,3,1
#NAME?,Tlaxcala,2009,,,,,,,,,,,,,,,,,,,,,,,,,16,12
#NAME?,Tlaxcala,2010,,,,,,,,,,,,,,,,,,,,,,,,,,21
#NAME?,Veracruz de Ignacio de la Llave,Total,,,,,,,,,42,36,53,44,43,53,36,49,44,41,31,30,41,23,16,23,54,54
#NAME?,Veracruz de Ignacio de la Llave,1988,,,,,,,,,1,,,,,,,,,,,,,,,,,
#NAME?,Veracruz de Ignacio de la Llave,1989,,,,,,,,,,,1,,,,,,,,,,,,,,,
#NAME?,Veracruz de Ignacio de la Llave,1990,,,,,,,,,,1,,,,,,,,,,,,,,,,
#NAME?,Veracruz de Ignacio de la Llave,1991,,,,,,,,,,,2,,,,,,,,,,,,,,,
#NAME?,Veracruz de Ignacio de la Llave,1992,,,,,,,,,16,2,1,,,,,,,,,,,,,,,
#NAME?,Veracruz de Ignacio de la Llave,1993,,,,,,,,,25,15,1,,,1,,,,,,,,,,,,
#NAME?,Veracruz de Ignacio de la Llave,1994,,,,,,,,,,18,22,1,,,,,,,,,,,,,,
#NAME?,Veracruz de Ignacio de la Llave,1995,,,,,,,,,,,26,14,3,,,,,,,,,,,,,
#NAME?,Veracruz de Ignacio de la Llave,1996,,,,,,,,,,,,29,17,1,,,1,,,,,,,,,
#NAME?,Veracruz de Ignacio de la Llave,1997,,,,,,,,,,,,,23,21,2,,,1,,,,,,,,
#NAME?,Veracruz de Ignacio de la Llave,1998,,,,,,,,,,,,,,30,18,,,,,,,,,,,
#NAME?,Veracruz de Ignacio de la Llave,1999,,,,,,,,,,,,,,,16,18,1,,,,,,,,,
#NAME?,Veracruz de Ignacio de la Llave,2000,,,,,,,,,,,,,,,,31,24,,1,,,,,,,
#NAME?,Veracruz de Ignacio de la Llave,2001,,,,,,,,,,,,,,,,,18,15,1,,,,,,,
#NAME?,Veracruz de Ignacio de la Llave,2002,,,,,,,,,,,,,,,,,,25,12,1,,1,,,,
#NAME?,Veracruz de Ignacio de la Llave,2003,,,,,,,,,,,,,,,,,,,17,8,1,1,,,,
#NAME?,Veracruz de Ignacio de la Llave,2004,,,,,,,,,,,,,,,,,,,,21,22,1,,,,
#NAME?,Veracruz de Ignacio de la Llave,2005,,,,,,,,,,,,,,,,,,,,,18,11,2,2,,
#NAME?,Veracruz de Ignacio de la Llave,2006,,,,,,,,,,,,,,,,,,,,,,9,7,2,,
#NAME?,Veracruz de Ignacio de la Llave,2007,,,,,,,,,,,,,,,,,,,,,,,7,10,1,
#NAME?,Veracruz de Ignacio de la Llave,2008,,,,,,,,,,,,,,,,,,,,,,,,9,16,1
#NAME?,Veracruz de Ignacio de la Llave,2009,,,,,,,,,,,,,,,,,,,,,,,,,37,21
#NAME?,Veracruz de Ignacio de la Llave,2010,,,,,,,,,,,,,,,,,,,,,,,,,,32
#NAME?,Yucatán,Total,,,,,,,,,4,5,6,3,1,5,4,3,4,3,3,2,2,2,3,3,6,2
#NAME?,Yucatán,1992,,,,,,,,,2,,,,,,,,,,,,,,,,,
#NAME?,Yucatán,1993,,,,,,,,,2,3,,1,,,,,,,,,,,,,,
#NAME?,Yucatán,1994,,,,,,,,,,2,4,,,,,,,,,,,,,,,
#NAME?,Yucatán,1995,,,,,,,,,,,2,1,,,,,,,,,,,,,,
#NAME?,Yucatán,1996,,,,,,,,,,,,1,,,1,,,,,,,,,,,
#NAME?,Yucatán,1997,,,,,,,,,,,,,1,2,,,,,,,,,,,,
#NAME?,Yucatán,1998,,,,,,,,,,,,,,3,1,,,,,,,,,,,
#NAME?,Yucatán,1999,,,,,,,,,,,,,,,2,2,,,,,,,,,,
#NAME?,Yucatán,2000,,,,,,,,,,,,,,,,1,1,,,,,,,,,
#NAME?,Yucatán,2001,,,,,,,,,,,,,,,,,3,1,,,,,,,,
#NAME?,Yucatán,2002,,,,,,,,,,,,,,,,,,2,1,1,,,,,,
#NAME?,Yucatán,2003,,,,,,,,,,,,,,,,,,,2,,,,,,,
#NAME?,Yucatán,2004,,,,,,,,,,,,,,,,,,,,1,1,,,,,
#NAME?,Yucatán,2005,,,,,,,,,,,,,,,,,,,,,1,2,,,,
#NAME?,Yucatán,2006,,,,,,,,,,,,,,,,,,,,,,,2,,1,
#NAME?,Yucatán,2007,,,,,,,,,,,,,,,,,,,,,,,1,1,,
#NAME?,Yucatán,2008,,,,,,,,,,,,,,,,,,,,,,,,2,,
#NAME?,Yucatán,2009,,,,,,,,,,,,,,,,,,,,,,,,,5,
#NAME?,Yucatán,2010,,,,,,,,,,,,,,,,,,,,,,,,,,2
#NAME?,Zacatecas,Total,,,,,,,,,3,1,1,1,1,6,3,2,2,3,5,2,2,,1,5,2,5
#NAME?,Zacatecas,1993,,,,,,,,,3,,,,,,,,,,,,,,,,,
#NAME?,Zacatecas,1994,,,,,,,,,,1,,,,,,,,,,,,,,,,
#NAME?,Zacatecas,1995,,,,,,,,,,,1,,1,,,,,,,,,,,,,
#NAME?,Zacatecas,1996,,,,,,,,,,,,1,,,,,,,,,,,,,,
#NAME?,Zacatecas,1997,,,,,,,,,,,,,,3,,,,,,,,,,,,
#NAME?,Zacatecas,1998,,,,,,,,,,,,,,3,1,1,,,,,,,,,,
#NAME?,Zacatecas,1999,,,,,,,,,,,,,,,2,,,,,,,,,,,
#NAME?,Zacatecas,2000,,,,,,,,,,,,,,,,1,1,,,,,,,,,
#NAME?,Zacatecas,2001,,,,,,,,,,,,,,,,,1,1,,,,,,,,
#NAME?,Zacatecas,2002,,,,,,,,,,,,,,,,,,2,2,,,,,,,
#NAME?,Zacatecas,2003,,,,,,,,,,,,,,,,,,,3,,,,,,,
#NAME?,Zacatecas,2004,,,,,,,,,,,,,,,,,,,,2,1,,,,,
#NAME?,Zacatecas,2005,,,,,,,,,,,,,,,,,,,,,1,,,,,
#NAME?,Zacatecas,2006,,,,,,,,,,,,,,,,,,,,,,,,1,,
#NAME?,Zacatecas,2007,,,,,,,,,,,,,,,,,,,,,,,1,2,,
#NAME?,Zacatecas,2008,,,,,,,,,,,,,,,,,,,,,,,,2,1,
#NAME?,Zacatecas,2009,,,,,,,,,,,,,,,,,,,,,,,,,1,2
#NAME?,Zacatecas,2010,,,,,,,,,,,,,,,,,,,,,,,,,,3
#NAME?,No especificado,Total,,,,,,,,,51,61,34,16,33,44,42,33,34,,,,,,,,,
#NAME?,No especificado,1920,,,,,,,,,,1,,,,,,,,,,,,,,,,
#NAME?,No especificado,1980,,,,,,,,,1,,,,,,,,,,,,,,,,,
#NAME?,No especificado,1982,,,,,,,,,,1,,,,,,,,,,,,,,,,
#NAME?,No especificado,1983,,,,,,,,,,1,,,,,,,,,,,,,,,,
#NAME?,No especificado,1986,,,,,,,,,1,,,,,,,,,,,,,,,,,
#NAME?,No especificado,1987,,,,,,,,,,,1,1,,,,,,,,,,,,,,
#NAME?,No especificado,1988,,,,,,,,,1,2,1,,,,,,,,,,,,,,,
#NAME?,No especificado,1989,,,,,,,,,2,1,,1,,,,,,,,,,,,,,
#NAME?,No especificado,1991,,,,,,,,,2,,,,,,,,,,,,,,,,,
#NAME?,No especificado,1992,,,,,,,,,28,,3,,,,,,,,,,,,,,,
#NAME?,No especificado,1993,,,,,,,,,14,23,3,,,,,,,,,,,,,,,
#NAME?,No especificado,1994,,,,,,,,,,27,17,1,,,,,,,,,,,,,,
#NAME?,No especificado,1995,,,,,,,,,,,9,5,,,,,,,,,,,,,,
#NAME?,No especificado,1996,,,,,,,,,,,,8,16,,,,,,,,,,,,,
#NAME?,No especificado,1997,,,,,,,,,,,,,17,10,2,,,,,,,,,,,
#NAME?,No especificado,1998,,,,,,,,,,,,,,34,19,,,,,,,,,,,
#NAME?,No especificado,1999,,,,,,,,,,,,,,,21,5,1,,,,,,,,,
#NAME?,No especificado,2000,,,,,,,,,,,,,,,,27,8,,,,,,,,,
#NAME?,No especificado,2001,,,,,,,,,,,,,,,,,25,,,,,,,,,
#NAME?,No especificado,No especificado,,,,,,,,,2,5,,,,,,1,,,,,,,,,,
#NAME?,No disponible,Total,3326,4281,4891,5525,5505,5610,5871,6375,,,,,,,,,,,,,,,,,,
#NAME?,No disponible,1985,3326,,,,,,,,,,,,,,,,,,,,,,,,,
#NAME?,No disponible,1986,,4281,,,,,,,,,,,,,,,,,,,,,,,,
#NAME?,No disponible,1987,,,4891,,,,,,,,,,,,,,,,,,,,,,,
#NAME?,No disponible,1988,,,,5525,,,,,,,,,,,,,,,,,,,,,,
#NAME?,No disponible,1989,,,,,5505,,,,,,,,,,,,,,,,,,,,,
#NAME?,No disponible,1990,,,,,,5610,,,,,,,,,,,,,,,,,,,,
#NAME?,No disponible,1991,,,,,,,5871,,,,,,,,,,,,,,,,,,,
#NAME?,No disponible,1992,,,,,,,,6375,,,,,,,,,,,,,,,,,,
FUENTE: INEGI. Estadísticas de nupcialidad.,,,,,,,,,,,,,,,,,,,,,,,,,,,,
