Divorcios,,,,,,,,,,,,,,,,,,,,,,,,,,,
Ent y mun de registro : Distrito Federal,,,,,,,,,,,,,,,,,,,,,,,,,,,
,,,,,,,,,,,,,,,,,,,,,,,,,,,
Consulta de: Divorcios   Por: Año de demanda y Mes de demanda   Según: Año registro hecho,,,,,,,,,,,,,,,,,,,,,,,,,,,
,,,,,,,,,,,,,,,,,,,,,,,,,,,
,,,,,,,,,,,,,,,,,,,,,,,,,,,
,,1985,1986,1987,1988,1989,1990,1991,1992,1993,1994,1995,1996,1997,1998,1999,2000,2001,2002,2003,2004,2005,2006,2007,2008,2009,2010
Total,Total,3326,4281,4891,5525,5505,5610,5871,6375,5786,6609,6831,6904,6410,6806,7263,7265,7724,7691,7418,6785,7106,6924,7035,7692,9386,11053
Total,Enero,459,124,420,377,433,420,441,558,392,432,502,545,555,506,513,565,670,636,520,446,443,461,454,476,825,890
Total,Febrero,335,204,462,462,490,495,485,515,546,549,512,593,632,639,634,674,661,748,690,626,649,612,564,695,903,971
Total,Marzo,331,243,490,488,500,527,436,677,591,575,594,596,541,694,756,750,747,675,716,678,701,689,658,666,1029,1043
Total,Abril,318,364,405,405,442,468,549,570,436,488,442,468,623,589,678,602,643,661,643,582,613,565,504,692,724,1023
Total,Mayo,427,356,411,492,521,474,511,531,500,537,577,543,553,560,611,652,700,676,602,612,566,584,684,678,848,995
Total,Junio,358,449,412,538,504,549,536,640,537,571,513,580,573,592,707,640,687,604,661,589,694,684,647,744,991,1043
Total,Julio,263,333,341,332,297,326,373,380,354,250,275,319,370,371,428,418,425,448,462,455,389,416,461,533,584,610
Total,Agosto,379,448,399,590,517,493,514,569,606,602,701,620,586,721,727,763,788,793,738,629,764,722,742,729,955,1141
Total,Septiembre,171,434,375,458,454,530,513,510,456,474,496,462,515,594,570,595,703,662,669,612,586,610,662,663,761,855
Total,Octubre,85,539,365,540,513,580,603,571,481,478,542,550,606,682,644,648,698,777,718,579,634,571,702,730,706,1010
Total,Noviembre,98,437,425,522,468,485,535,489,409,518,497,501,522,521,615,606,610,634,630,550,614,626,596,652,732,930
Total,Diciembre,102,350,386,321,366,263,375,365,293,299,274,263,323,326,364,342,391,377,368,427,451,384,361,434,328,542
Total,No especificado,,,,,,,,,185,836,906,864,11,11,16,10,1,,1,,2,,,,,
1920,Total,,,,,,,,,1,1,,,,,,,,,,,,,,,,
1920,No especificado,,,,,,,,,1,1,,,,,,,,,,,,,,,,
1959,Total,,,,,,,,,,,1,,,,,,,,,,,,,,,
1959,No especificado,,,,,,,,,,,1,,,,,,,,,,,,,,,
1962,Total,,,,,,,,,,1,,,,,,,,,,,,,,,,
1962,No especificado,,,,,,,,,,1,,,,,,,,,,,,,,,,
1963,Total,,,,,,,,,,,1,,,,,,,,,,,,,,,
1963,No especificado,,,,,,,,,,,1,,,,,,,,,,,,,,,
1965,Total,,,,,,,,,,1,,,,,,,,,,,,,,,,
1965,No especificado,,,,,,,,,,1,,,,,,,,,,,,,,,,
1966,Total,,,,,,,,,,,1,,,,,,,,,,,,,,,
1966,No especificado,,,,,,,,,,,1,,,,,,,,,,,,,,,
1967,Total,,,,,,,,,,2,,1,,,1,,,,,,,,,,,
1967,Abril,,,,,,,,,,,,,,,1,,,,,,,,,,,
1967,No especificado,,,,,,,,,,2,,1,,,,,,,,,,,,,,
1968,Total,,,,,,,,,,,,1,,,,,,,,,,,,,,
1968,No especificado,,,,,,,,,,,,1,,,,,,,,,,,,,,
1969,Total,,,,,,,,,1,,,,,,,,,,,,,,,,,
1969,No especificado,,,,,,,,,1,,,,,,,,,,,,,,,,,
1970,Total,,,,,,,,,,,,,,,,1,,,,,,,,,,
1970,Septiembre,,,,,,,,,,,,,,,,1,,,,,,,,,,
1971,Total,,,,,,,,,,3,1,1,,,,,,,,,,,,,,
1971,No especificado,,,,,,,,,,3,1,1,,,,,,,,,,,,,,
1972,Total,,,,,,,,,1,2,2,,,,,,,,,,,,,,,
1972,Noviembre,,,,,,,,,1,,,,,,,,,,,,,,,,,
1972,No especificado,,,,,,,,,,2,2,,,,,,,,,,,,,,,
1973,Total,,,,,,,,,1,2,,1,,,,1,,,,,,,,,,
1973,Agosto,,,,,,,,,,,,,,,,1,,,,,,,,,,
1973,Septiembre,,,,,,,,,1,,,,,,,,,,,,,,,,,
1973,No especificado,,,,,,,,,,2,,1,,,,,,,,,,,,,,
1974,Total,,,,,,,,,,1,3,1,,,,1,,,,,,,,,,
1974,Febrero,,,,,,,,,,,,,,,,1,,,,,,,,,,
1974,No especificado,,,,,,,,,,1,3,1,,,,,,,,,,,,,,
1975,Total,,,,,,,,,1,1,2,,,,,,,,,,,,,,,
1975,No especificado,,,,,,,,,1,1,2,,,,,,,,,,,,,,,
1976,Total,,,,,,,,,2,4,2,2,,,,,,,,,,,,,,
1976,Mayo,,,,,,,,,,,,1,,,,,,,,,,,,,,
1976,Agosto,,,,,,,,,1,,,,,,,,,,,,,,,,,
1976,No especificado,,,,,,,,,1,4,2,1,,,,,,,,,,,,,,
1977,Total,,,,,,,,,2,2,2,7,,,1,,,,,,,,,,,
1977,Marzo,,,,,,,,,,,,,,,1,,,,,,,,,,,
1977,Octubre,,,,,,,,,,,,1,,,,,,,,,,,,,,
1977,No especificado,,,,,,,,,2,2,2,6,,,,,,,,,,,,,,
1978,Total,,,,,,,,,3,4,7,1,1,,1,,,,,,,,,,,
1978,Marzo,,,,,,,,,,,,,,,1,,,,,,,,,,,
1978,Septiembre,,,,,,,,,,,,,1,,,,,,,,,,,,,
1978,No especificado,,,,,,,,,3,4,7,1,,,,,,,,,,,,,,
1979,Total,,,,,,,,,1,9,3,1,,,,1,,,,,,,,,,
1979,Marzo,,,,,,,,,,,,,,,,1,,,,,,,,,,
1979,Junio,,,,,,,,,,1,,,,,,,,,,,,,,,,
1979,No especificado,,,,,,,,,1,8,3,1,,,,,,,,,,,,,,
1980,Total,,,,,,,,,2,6,9,6,,,,,,,1,,2,,,1,1,
1980,Marzo,,,,,,,,,1,1,,,,,,,,,,,,,,,,
1980,Mayo,,,,,,,,,,,,,,,,,,,,,,,,1,1,
1980,Agosto,,,,,,,,,,,,,,,,,,,1,,,,,,,
1980,Octubre,,,,,,,,,,,,,,,,,,,,,2,,,,,
1980,Noviembre,,,,,,,,,,1,,,,,,,,,,,,,,,,
1980,No especificado,,,,,,,,,1,4,9,6,,,,,,,,,,,,,,
1981,Total,,,,,,,,,2,9,12,6,,,1,,,,2,,1,,,,,
1981,Marzo,,,,,,,,,,,,,,,,,,,,,1,,,,,
1981,Junio,,,,,,,,,,,,,,,,,,,1,,,,,,,
1981,Julio,,,,,,,,,1,1,,,,,,,,,,,,,,,,
1981,Agosto,,,,,,,,,,,,,,,1,,,,,,,,,,,
1981,Noviembre,,,,,,,,,1,,,,,,,,,,,,,,,,,
1981,Diciembre,,,,,,,,,,,,,,,,,,,1,,,,,,,
1981,No especificado,,,,,,,,,,8,12,6,,,,,,,,,,,,,,
1982,Total,,,,,,,,,6,14,5,4,,,2,,,2,,,,,1,1,,
1982,Marzo,,,,,,,,,,,,,,,,,,1,,,,,,,,
1982,Mayo,,,,,,,,,,,,,,,1,,,,,,,,1,,,
1982,Julio,,,,,,,,,,,,,,,,,,1,,,,,,1,,
1982,Agosto,,,,,,,,,1,,,,,,,,,,,,,,,,,
1982,Septiembre,,,,,,,,,,,1,,,,,,,,,,,,,,,
1982,Noviembre,,,,,,,,,1,,,,,,1,,,,,,,,,,,
1982,No especificado,,,,,,,,,4,14,4,4,,,,,,,,,,,,,,
1983,Total,,,,,,,,,5,19,10,10,,,1,1,,3,,,1,,,,,
1983,Febrero,,,,,,,,,,,,,,,,,,1,,,,,,,,
1983,Marzo,,,,,,,,,,,,,,,,,,1,,,,,,,,
1983,Abril,,,,,,,,,,,,,,,,1,,,,,1,,,,,
1983,Mayo,,,,,,,,,1,2,,,,,,,,,,,,,,,,
1983,Junio,,,,,,,,,,,,,,,,,,1,,,,,,,,
1983,Septiembre,,,,,,,,,,,1,,,,,,,,,,,,,,,
1983,Diciembre,,,,,,,,,,1,,,,,1,,,,,,,,,,,
1983,No especificado,,,,,,,,,4,16,9,10,,,,,,,,,,,,,,
1984,Total,,,,,,,,,7,20,17,13,,1,1,1,1,1,,3,,,,,,
1984,Febrero,,,,,,,,,,,,,,1,,,,,,,,,,,,
1984,Marzo,,,,,,,,,,1,,,,,,,1,,,,,,,,,
1984,Abril,,,,,,,,,1,1,,1,,,,,,,,1,,,,,,
1984,Mayo,,,,,,,,,,1,,,,,,,,,,,,,,,,
1984,Junio,,,,,,,,,,,,,,,,,,1,,,,,,,,
1984,Agosto,,,,,,,,,,1,,,,,,,,,,1,,,,,,
1984,Septiembre,,,,,,,,,,,,1,,,1,1,,,,1,,,,,,
1984,Octubre,,,,,,,,,,1,,,,,,,,,,,,,,,,
1984,Diciembre,,,,,,,,,,1,,,,,,,,,,,,,,,,
1984,No especificado,,,,,,,,,6,14,17,11,,,,,,,,,,,,,,
1985,Total,3326,,,,,,,,5,20,19,15,1,,1,,,,1,1,1,,,,1,
1985,Enero,459,,,,,,,,,,,,,,,,,,1,,,,,,,
1985,Febrero,335,,,,,,,,,,,,,,,,,,,,,,,,1,
1985,Marzo,331,,,,,,,,1,,,1,,,1,,,,,,,,,,,
1985,Abril,318,,,,,,,,,,,1,1,,,,,,,,,,,,,
1985,Mayo,427,,,,,,,,,,,,,,,,,,,,,,,,,
1985,Junio,358,,,,,,,,,,,,,,,,,,,,,,,,,
1985,Julio,263,,,,,,,,,,,,,,,,,,,,,,,,,
1985,Agosto,379,,,,,,,,,,,,,,,,,,,,,,,,,
1985,Septiembre,171,,,,,,,,,,,,,,,,,,,,1,,,,,
1985,Octubre,85,,,,,,,,,,,,,,,,,,,,,,,,,
1985,Noviembre,98,,,,,,,,,,,,,,,,,,,1,,,,,,
1985,Diciembre,102,,,,,,,,,,,,,,,,,,,,,,,,,
1985,No especificado,,,,,,,,,4,20,19,13,,,,,,,,,,,,,,
1986,Total,,4281,,,,,,,5,30,24,23,2,1,1,2,,,,,,1,,,,
1986,Enero,,124,,,,,,,,,,,,,,,,,,,,,,,,
1986,Febrero,,204,,,,,,,,1,,1,,,,1,,,,,,,,,,
1986,Marzo,,243,,,,,,,,,,1,1,,,,,,,,,,,,,
1986,Abril,,364,,,,,,,,,,,,1,,,,,,,,,,,,
1986,Mayo,,356,,,,,,,,,,1,,,,,,,,,,,,,,
1986,Junio,,449,,,,,,,,,2,,1,,,,,,,,,,,,,
1986,Julio,,333,,,,,,,,,,,,,,,,,,,,1,,,,
1986,Agosto,,448,,,,,,,,,1,,,,1,,,,,,,,,,,
1986,Septiembre,,434,,,,,,,,,,,,,,,,,,,,,,,,
1986,Octubre,,539,,,,,,,,,,,,,,,,,,,,,,,,
1986,Noviembre,,437,,,,,,,1,,,1,,,,,,,,,,,,,,
1986,Diciembre,,350,,,,,,,,1,,,,,,1,,,,,,,,,,
1986,No especificado,,,,,,,,,4,28,21,19,,,,,,,,,,,,,,
1987,Total,,,4891,,,,,,16,48,40,39,1,,1,2,2,,2,,,,1,,,
1987,Enero,,,420,,,,,,1,,,1,,,,,1,,,,,,,,,
1987,Febrero,,,462,,,,,,,,,,,,,,,,1,,,,,,,
1987,Marzo,,,490,,,,,,,,,,,,,,,,1,,,,,,,
1987,Abril,,,405,,,,,,,1,,,,,,,,,,,,,,,,
1987,Mayo,,,411,,,,,,,,,,,,,,,,,,,,,,,
1987,Junio,,,412,,,,,,1,1,,,1,,1,,1,,,,,,,,,
1987,Julio,,,341,,,,,,,,,,,,,,,,,,,,1,,,
1987,Agosto,,,399,,,,,,1,,,,,,,1,,,,,,,,,,
1987,Septiembre,,,375,,,,,,,,,,,,,1,,,,,,,,,,
1987,Octubre,,,365,,,,,,,,,,,,,,,,,,,,,,,
1987,Noviembre,,,425,,,,,,,,,,,,,,,,,,,,,,,
1987,Diciembre,,,386,,,,,,,,,,,,,,,,,,,,,,,
1987,No especificado,,,,,,,,,13,46,40,38,,,,,,,,,,,,,,
1988,Total,,,,5525,,,,,22,55,50,32,2,3,3,2,,1,,,,1,1,,,
1988,Enero,,,,377,,,,,1,,,,,,,,,,,,,,,,,
1988,Febrero,,,,462,,,,,1,,,,,,1,,,,,,,,,,,
1988,Marzo,,,,488,,,,,1,,,,,,1,,,,,,,,,,,
1988,Abril,,,,405,,,,,,,,,2,,,,,,,,,,,,,
1988,Mayo,,,,492,,,,,,,,,,,,,,,,,,,,,,
1988,Junio,,,,538,,,,,,,1,,,2,,,,,,,,,,,,
1988,Julio,,,,332,,,,,,,,,,1,,,,,,,,,,,,
1988,Agosto,,,,590,,,,,1,,1,,,,,,,1,,,,1,,,,
1988,Septiembre,,,,458,,,,,,,,1,,,,1,,,,,,,,,,
1988,Octubre,,,,540,,,,,1,,1,1,,,,,,,,,,,,,,
1988,Noviembre,,,,522,,,,,,1,1,,,,,1,,,,,,,,,,
1988,Diciembre,,,,321,,,,,1,,,,,,1,,,,,,,,1,,,
1988,No especificado,,,,,,,,,16,54,46,30,,,,,,,,,,,,,,
1989,Total,,,,,5505,,,,29,91,56,45,3,2,3,2,2,,2,1,,,1,,,
1989,Enero,,,,,433,,,,1,1,,,1,,,1,,,,1,,,,,,
1989,Febrero,,,,,490,,,,,2,,,1,,1,,1,,,,,,1,,,
1989,Marzo,,,,,500,,,,,,,,,1,2,,,,,,,,,,,
1989,Abril,,,,,442,,,,1,,,,,,,,,,,,,,,,,
1989,Mayo,,,,,521,,,,,1,1,,,,,,,,,,,,,,,
1989,Junio,,,,,504,,,,,1,1,,1,,,,,,1,,,,,,,
1989,Julio,,,,,297,,,,,,,,,,,,,,,,,,,,,
1989,Agosto,,,,,517,,,,2,1,,,,,,,,,,,,,,,,
1989,Septiembre,,,,,454,,,,2,1,,,,1,,,,,,,,,,,,
1989,Octubre,,,,,513,,,,2,2,1,,,,,,,,,,,,,,,
1989,Noviembre,,,,,468,,,,2,2,2,,,,,1,1,,1,,,,,,,
1989,Diciembre,,,,,366,,,,,,,,,,,,,,,,,,,,,
1989,No especificado,,,,,,,,,19,80,51,45,,,,,,,,,,,,,,
1990,Total,,,,,,5610,,,59,115,95,65,1,3,4,1,3,2,1,,,,2,,2,
1990,Enero,,,,,,420,,,2,,,,,,,,1,,,,,,,,,
1990,Febrero,,,,,,495,,,5,1,1,,,1,,,,,,,,,,,,
1990,Marzo,,,,,,527,,,1,1,,,,,,,,1,,,,,,,,
1990,Abril,,,,,,468,,,5,,,,,2,1,1,,,,,,,1,,,
1990,Mayo,,,,,,474,,,4,,,,1,,,,,,,,,,,,,
1990,Junio,,,,,,549,,,1,,1,,,,,,,,,,,,,,,
1990,Julio,,,,,,326,,,3,,,,,,,,,,,,,,,,2,
1990,Agosto,,,,,,493,,,3,1,1,1,,,,,1,,,,,,,,,
1990,Septiembre,,,,,,530,,,1,2,,1,,,,,1,,,,,,,,,
1990,Octubre,,,,,,580,,,3,3,,,,,2,,,,,,,,1,,,
1990,Noviembre,,,,,,485,,,4,2,,2,,,,,,1,1,,,,,,,
1990,Diciembre,,,,,,263,,,3,,,1,,,1,,,,,,,,,,,
1990,No especificado,,,,,,,,,24,105,92,60,,,,,,,,,,,,,,
1991,Total,,,,,,,5871,,169,157,114,110,4,4,1,1,2,1,,,1,1,,1,2,
1991,Enero,,,,,,,441,,4,2,1,1,1,,,,,,,,,,,,,
1991,Febrero,,,,,,,485,,9,,2,2,,,,,,,,,,,,,1,
1991,Marzo,,,,,,,436,,4,1,1,,,1,,,1,,,,,,,,,
1991,Abril,,,,,,,549,,14,4,1,1,,,,,,1,,,,,,,,
1991,Mayo,,,,,,,511,,11,3,1,,,,,,,,,,,,,,,
1991,Junio,,,,,,,536,,9,1,,,1,,,,,,,,,,,,,
1991,Julio,,,,,,,373,,3,,1,1,,,,,,,,,,,,,,
1991,Agosto,,,,,,,514,,14,5,1,3,,1,,,,,,,1,1,,1,,
1991,Septiembre,,,,,,,513,,14,2,2,,,2,,,,,,,,,,,,
1991,Octubre,,,,,,,603,,18,3,2,,1,,1,,1,,,,,,,,1,
1991,Noviembre,,,,,,,535,,26,8,,1,1,,,1,,,,,,,,,,
1991,Diciembre,,,,,,,375,,11,1,,,,,,,,,,,,,,,,
1991,No especificado,,,,,,,,,32,127,102,101,,,,,,,,,,,,,,
1992,Total,,,,,,,,6375,1953,295,174,135,6,6,10,3,3,2,3,,1,2,,1,1,
1992,Enero,,,,,,,,558,48,7,1,1,1,,1,,1,,,,,,,,,
1992,Febrero,,,,,,,,515,51,6,1,,,,,,,,,,,,,1,1,
1992,Marzo,,,,,,,,677,60,8,1,1,1,,,,,1,1,,1,,,,,
1992,Abril,,,,,,,,570,73,4,1,1,,,1,1,1,,,,,,,,,
1992,Mayo,,,,,,,,531,97,6,,2,,1,2,,,,1,,,,,,,
1992,Junio,,,,,,,,640,143,11,,,1,,1,,,,1,,,1,,,,
1992,Julio,,,,,,,,380,99,7,2,,1,,1,,1,,,,,,,,,
1992,Agosto,,,,,,,,569,283,19,6,3,,1,,2,,,,,,1,,,,
1992,Septiembre,,,,,,,,510,269,13,6,1,,3,,,,,,,,,,,,
1992,Octubre,,,,,,,,571,344,22,2,2,2,,1,,,,,,,,,,,
1992,Noviembre,,,,,,,,489,294,25,1,2,,1,1,,,,,,,,,,,
1992,Diciembre,,,,,,,,365,170,22,5,2,,,2,,,1,,,,,,,,
1992,No especificado,,,,,,,,,22,145,148,120,,,,,,,,,,,,,,
1993,Total,,,,,,,,,3484,2283,345,169,18,6,4,4,1,,5,1,1,,2,1,,
1993,Enero,,,,,,,,,335,35,3,4,1,,,,,,1,,,,,,,
1993,Febrero,,,,,,,,,480,45,7,1,3,1,2,,,,,,,,,,,
1993,Marzo,,,,,,,,,523,73,5,4,1,1,,1,,,1,,,,,1,,
1993,Abril,,,,,,,,,342,73,8,3,2,,,,,,,,,,,,,
1993,Mayo,,,,,,,,,387,125,10,2,3,1,1,,,,,,,,,,,
1993,Junio,,,,,,,,,383,192,13,1,,2,1,,,,,,,,,,,
1993,Julio,,,,,,,,,248,90,3,2,,,,,,,1,,,,1,,,
1993,Agosto,,,,,,,,,300,302,23,5,,,,,,,,,,,,,,
1993,Septiembre,,,,,,,,,169,312,27,5,1,1,,3,,,1,,,,,,,
1993,Octubre,,,,,,,,,113,369,29,4,1,,,,,,1,1,1,,1,,,
1993,Noviembre,,,,,,,,,79,383,31,9,5,,,,1,,,,,,,,,
1993,Diciembre,,,,,,,,,108,179,15,3,1,,,,,,,,,,,,,
1993,No especificado,,,,,,,,,17,105,171,126,,,,,,,,,,,,,,
1994,Total,,,,,,,,,,3399,2476,350,28,11,10,7,5,2,1,1,4,,2,,1,
1994,Enero,,,,,,,,,,387,47,8,1,,2,,,,,,,,,,,
1994,Febrero,,,,,,,,,,494,62,12,1,1,1,1,1,,,,,,,,,
1994,Marzo,,,,,,,,,,490,83,9,4,,,,,,,,1,,,,,
1994,Abril,,,,,,,,,,405,88,10,3,,1,,2,,,,,,,,,
1994,Mayo,,,,,,,,,,399,145,6,2,1,1,,,,,,,,,,,
1994,Junio,,,,,,,,,,364,173,19,,,1,1,,,,,,,2,,,
1994,Julio,,,,,,,,,,152,117,10,,1,1,,,,,,,,,,,
1994,Agosto,,,,,,,,,,273,360,18,2,2,,2,1,,,1,,,,,1,
1994,Septiembre,,,,,,,,,,144,300,23,2,2,,1,,,,,1,,,,,
1994,Octubre,,,,,,,,,,78,393,33,2,3,3,,1,2,1,,2,,,,,
1994,Noviembre,,,,,,,,,,96,397,43,8,1,,2,,,,,,,,,,
1994,Diciembre,,,,,,,,,,94,188,9,3,,,,,,,,,,,,,
1994,No especificado,,,,,,,,,,23,123,150,,,,,,,,,,,,,,
1995,Total,,,,,,,,,,,3360,2427,144,24,10,7,4,3,4,3,7,4,,,,1
1995,Enero,,,,,,,,,,,450,47,5,,,,,1,,1,2,,,,,
1995,Febrero,,,,,,,,,,,439,74,7,3,1,,1,,,,1,1,,,,1
1995,Marzo,,,,,,,,,,,504,116,7,4,,,,,,,,,,,,
1995,Abril,,,,,,,,,,,344,81,7,,2,2,,,,,,,,,,
1995,Mayo,,,,,,,,,,,420,120,11,3,1,,,1,,1,1,,,,,
1995,Junio,,,,,,,,,,,322,197,11,2,,2,1,,1,,,,,,,
1995,Julio,,,,,,,,,,,152,109,5,3,2,1,,,,,1,1,,,,
1995,Agosto,,,,,,,,,,,308,334,13,2,1,1,,1,1,1,,,,,,
1995,Septiembre,,,,,,,,,,,159,278,17,2,,,,,,,1,,,,,
1995,Octubre,,,,,,,,,,,114,396,19,2,,,,,,,1,,,,,
1995,Noviembre,,,,,,,,,,,65,386,19,2,2,,1,,1,,,2,,,,
1995,Diciembre,,,,,,,,,,,66,186,23,1,1,1,1,,1,,,,,,,
1995,No especificado,,,,,,,,,,,17,103,,,,,,,,,,,,,,
1996,Total,,,,,,,,,,,,3439,2012,104,27,12,4,7,2,1,2,4,,1,,1
1996,Enero,,,,,,,,,,,,483,50,6,1,,,2,1,,,,,,,1
1996,Febrero,,,,,,,,,,,,503,62,3,5,,2,1,,,,1,,,,
1996,Marzo,,,,,,,,,,,,464,60,4,3,1,,,,,,,,,,
1996,Abril,,,,,,,,,,,,370,78,5,2,1,,,,,,2,,,,
1996,Mayo,,,,,,,,,,,,411,89,10,3,2,,,,,,,,,,
1996,Junio,,,,,,,,,,,,363,152,4,2,,1,1,1,,,,,,,
1996,Julio,,,,,,,,,,,,197,101,5,2,,1,1,,,,,,,,
1996,Agosto,,,,,,,,,,,,256,214,13,,1,,1,,,1,1,,,,
1996,Septiembre,,,,,,,,,,,,152,275,12,1,2,,,,1,,,,,,
1996,Octubre,,,,,,,,,,,,113,405,19,5,,,,,,1,,,1,,
1996,Noviembre,,,,,,,,,,,,57,357,14,1,4,,1,,,,,,,,
1996,Diciembre,,,,,,,,,,,,62,169,9,2,1,,,,,,,,,,
1996,No especificado,,,,,,,,,,,,8,,,,,,,,,,,,,,
1997,Total,,,,,,,,,,,,,4187,2204,133,20,10,9,5,3,8,3,2,1,1,2
1997,Enero,,,,,,,,,,,,,495,32,3,,1,1,,,,,1,,,
1997,Febrero,,,,,,,,,,,,,558,50,3,1,,1,2,2,1,1,,,1,
1997,Marzo,,,,,,,,,,,,,467,61,10,,,,1,,1,,,,,
1997,Abril,,,,,,,,,,,,,530,96,7,2,,1,,,,,,,,
1997,Mayo,,,,,,,,,,,,,447,99,8,1,1,,,1,,1,,,,
1997,Junio,,,,,,,,,,,,,405,154,8,1,,,,,,,1,,,
1997,Julio,,,,,,,,,,,,,263,111,5,4,1,,,,,,,,,
1997,Agosto,,,,,,,,,,,,,357,307,14,5,1,1,1,,2,,,,,1
1997,Septiembre,,,,,,,,,,,,,219,315,18,3,,1,,,3,,,,,
1997,Octubre,,,,,,,,,,,,,176,427,21,1,3,1,1,,1,1,,,,1
1997,Noviembre,,,,,,,,,,,,,132,366,27,2,3,3,,,,,,1,,
1997,Diciembre,,,,,,,,,,,,,127,186,9,,,,,,,,,,,
1997,No especificado,,,,,,,,,,,,,11,,,,,,,,,,,,,
1998,Total,,,,,,,,,,,,,,4437,2296,109,46,14,6,4,5,4,2,,2,
1998,Enero,,,,,,,,,,,,,,468,44,2,3,1,,1,,,,,,
1998,Febrero,,,,,,,,,,,,,,579,45,3,1,1,,1,,,,,,
1998,Marzo,,,,,,,,,,,,,,622,83,3,3,1,1,,1,,,,,
1998,Abril,,,,,,,,,,,,,,485,90,9,6,,,2,,,,,,
1998,Mayo,,,,,,,,,,,,,,445,83,4,6,2,,,1,,,,,
1998,Junio,,,,,,,,,,,,,,428,176,14,5,1,2,,,2,,,,
1998,Julio,,,,,,,,,,,,,,250,121,5,,,,,,1,,,,
1998,Agosto,,,,,,,,,,,,,,395,301,9,6,3,,,2,,1,,,
1998,Septiembre,,,,,,,,,,,,,,256,320,17,2,2,2,,1,1,,,1,
1998,Octubre,,,,,,,,,,,,,,231,429,14,7,,1,,,,1,,1,
1998,Noviembre,,,,,,,,,,,,,,137,415,18,6,2,,,,,,,,
1998,Diciembre,,,,,,,,,,,,,,130,188,11,1,1,,,,,,,,
1998,No especificado,,,,,,,,,,,,,,11,1,,,,,,,,,,,
1999,Total,,,,,,,,,,,,,,,4751,2323,146,37,17,13,10,6,4,,2,
1999,Enero,,,,,,,,,,,,,,,462,39,7,3,,1,,,,,,
1999,Febrero,,,,,,,,,,,,,,,575,57,2,2,4,1,,4,1,,,
1999,Marzo,,,,,,,,,,,,,,,654,80,8,1,3,1,1,,,,1,
1999,Abril,,,,,,,,,,,,,,,573,95,3,3,,,1,1,1,,,
1999,Mayo,,,,,,,,,,,,,,,511,110,8,2,1,3,1,,,,1,
1999,Junio,,,,,,,,,,,,,,,517,141,9,6,,1,3,1,2,,,
1999,Julio,,,,,,,,,,,,,,,296,108,11,4,1,,,,,,,
1999,Agosto,,,,,,,,,,,,,,,409,326,15,3,1,,2,,,,,
1999,Septiembre,,,,,,,,,,,,,,,230,313,20,4,2,1,,,,,,
1999,Octubre,,,,,,,,,,,,,,,182,416,25,3,4,1,,,,,,
1999,Noviembre,,,,,,,,,,,,,,,168,416,22,6,1,3,2,,,,,
1999,Diciembre,,,,,,,,,,,,,,,159,222,16,,,1,,,,,,
1999,No especificado,,,,,,,,,,,,,,,15,,,,,,,,,,,
2000,Total,,,,,,,,,,,,,,,,4763,2511,182,44,20,13,8,5,3,1,1
2000,Enero,,,,,,,,,,,,,,,,523,43,6,2,,,,,,,
2000,Febrero,,,,,,,,,,,,,,,,610,68,5,3,2,2,1,,1,,
2000,Marzo,,,,,,,,,,,,,,,,664,84,7,4,,3,,1,,,
2000,Abril,,,,,,,,,,,,,,,,490,76,9,,2,2,,,,,
2000,Mayo,,,,,,,,,,,,,,,,535,136,14,4,3,,2,,,,
2000,Junio,,,,,,,,,,,,,,,,481,190,10,4,2,,1,,1,,
2000,Julio,,,,,,,,,,,,,,,,300,124,7,1,1,,,,,,
2000,Agosto,,,,,,,,,,,,,,,,415,358,24,6,3,1,,,,,
2000,Septiembre,,,,,,,,,,,,,,,,252,394,28,4,5,1,1,,,,
2000,Octubre,,,,,,,,,,,,,,,,217,450,27,5,2,2,,2,,1,
2000,Noviembre,,,,,,,,,,,,,,,,161,394,32,6,,1,3,,,,1
2000,Diciembre,,,,,,,,,,,,,,,,106,194,13,5,,1,,2,1,,
2000,No especificado,,,,,,,,,,,,,,,,9,,,,,,,,,,
2001,Total,,,,,,,,,,,,,,,,,4984,2701,232,36,18,15,9,2,1,3
2001,Enero,,,,,,,,,,,,,,,,,613,84,12,5,2,,1,1,,
2001,Febrero,,,,,,,,,,,,,,,,,585,74,12,2,2,1,,,,
2001,Marzo,,,,,,,,,,,,,,,,,650,94,12,1,3,2,2,,,
2001,Abril,,,,,,,,,,,,,,,,,555,100,11,2,,,,,,
2001,Mayo,,,,,,,,,,,,,,,,,549,130,18,4,,4,,,,1
2001,Junio,,,,,,,,,,,,,,,,,480,205,12,1,1,4,1,,1,
2001,Julio,,,,,,,,,,,,,,,,,287,121,8,1,1,,,,,
2001,Agosto,,,,,,,,,,,,,,,,,406,397,36,4,5,1,2,,,
2001,Septiembre,,,,,,,,,,,,,,,,,286,380,20,4,,1,,1,,1
2001,Octubre,,,,,,,,,,,,,,,,,211,532,36,3,1,1,2,,,1
2001,Noviembre,,,,,,,,,,,,,,,,,182,412,40,5,2,1,,,,
2001,Diciembre,,,,,,,,,,,,,,,,,179,172,15,4,1,,1,,,
2001,No especificado,,,,,,,,,,,,,,,,,1,,,,,,,,,
2002,Total,,,,,,,,,,,,,,,,,,4724,2413,177,45,19,12,7,4,6
2002,Enero,,,,,,,,,,,,,,,,,,538,46,4,,1,2,3,,2
2002,Febrero,,,,,,,,,,,,,,,,,,663,72,14,3,1,,1,,
2002,Marzo,,,,,,,,,,,,,,,,,,568,60,6,1,1,,,,
2002,Abril,,,,,,,,,,,,,,,,,,547,100,8,,1,,1,,
2002,Mayo,,,,,,,,,,,,,,,,,,527,112,12,2,1,1,,1,
2002,Junio,,,,,,,,,,,,,,,,,,379,174,16,7,1,1,,1,
2002,Julio,,,,,,,,,,,,,,,,,,314,106,6,4,2,,,,
2002,Agosto,,,,,,,,,,,,,,,,,,362,331,27,5,2,4,1,,1
2002,Septiembre,,,,,,,,,,,,,,,,,,247,377,8,5,4,1,,1,
2002,Octubre,,,,,,,,,,,,,,,,,,212,453,23,5,2,,1,1,3
2002,Noviembre,,,,,,,,,,,,,,,,,,177,414,31,7,2,3,,,
2002,Diciembre,,,,,,,,,,,,,,,,,,190,168,22,6,1,,,,
2003,Total,,,,,,,,,,,,,,,,,,,4677,2146,177,52,19,10,7,2
2003,Enero,,,,,,,,,,,,,,,,,,,457,49,5,1,2,1,,
2003,Febrero,,,,,,,,,,,,,,,,,,,596,54,6,3,1,,,
2003,Marzo,,,,,,,,,,,,,,,,,,,632,83,11,,1,1,,
2003,Abril,,,,,,,,,,,,,,,,,,,532,84,7,4,1,,,1
2003,Mayo,,,,,,,,,,,,,,,,,,,466,108,11,4,3,1,1,1
2003,Junio,,,,,,,,,,,,,,,,,,,464,154,9,3,,1,1,
2003,Julio,,,,,,,,,,,,,,,,,,,345,140,8,6,3,1,,
2003,Agosto,,,,,,,,,,,,,,,,,,,361,275,26,6,2,,3,
2003,Septiembre,,,,,,,,,,,,,,,,,,,263,325,19,9,2,,,
2003,Octubre,,,,,,,,,,,,,,,,,,,216,371,33,7,2,,1,
2003,Noviembre,,,,,,,,,,,,,,,,,,,166,329,24,4,,4,1,
2003,Diciembre,,,,,,,,,,,,,,,,,,,178,174,17,5,2,1,,
2003,No especificado,,,,,,,,,,,,,,,,,,,1,,1,,,,,
2004,Total,,,,,,,,,,,,,,,,,,,,4375,2239,174,31,17,10,6
2004,Enero,,,,,,,,,,,,,,,,,,,,384,47,7,1,2,1,
2004,Febrero,,,,,,,,,,,,,,,,,,,,550,53,7,2,,1,
2004,Marzo,,,,,,,,,,,,,,,,,,,,587,84,8,1,1,1,
2004,Abril,,,,,,,,,,,,,,,,,,,,483,103,11,,3,,
2004,Mayo,,,,,,,,,,,,,,,,,,,,480,120,10,4,1,,1
2004,Junio,,,,,,,,,,,,,,,,,,,,415,176,12,3,3,1,1
2004,Julio,,,,,,,,,,,,,,,,,,,,307,101,6,,,2,
2004,Agosto,,,,,,,,,,,,,,,,,,,,317,340,17,3,1,1,1
2004,Septiembre,,,,,,,,,,,,,,,,,,,,267,297,21,2,,1,
2004,Octubre,,,,,,,,,,,,,,,,,,,,178,381,19,5,3,,1
2004,Noviembre,,,,,,,,,,,,,,,,,,,,181,360,38,6,3,1,2
2004,Diciembre,,,,,,,,,,,,,,,,,,,,226,177,18,4,,1,
2005,Total,,,,,,,,,,,,,,,,,,,,,4569,2095,185,49,14,4
2005,Enero,,,,,,,,,,,,,,,,,,,,,387,47,9,4,2,
2005,Febrero,,,,,,,,,,,,,,,,,,,,,581,57,10,2,,
2005,Marzo,,,,,,,,,,,,,,,,,,,,,593,68,11,,,
2005,Abril,,,,,,,,,,,,,,,,,,,,,499,88,12,6,3,1
2005,Mayo,,,,,,,,,,,,,,,,,,,,,430,123,8,3,,
2005,Junio,,,,,,,,,,,,,,,,,,,,,498,175,9,1,,
2005,Julio,,,,,,,,,,,,,,,,,,,,,274,95,8,4,,
2005,Agosto,,,,,,,,,,,,,,,,,,,,,379,285,13,9,1,
2005,Septiembre,,,,,,,,,,,,,,,,,,,,,257,305,24,5,1,2
2005,Octubre,,,,,,,,,,,,,,,,,,,,,204,337,29,4,3,
2005,Noviembre,,,,,,,,,,,,,,,,,,,,,218,357,33,5,2,1
2005,Diciembre,,,,,,,,,,,,,,,,,,,,,249,158,19,6,2,
2006,Total,,,,,,,,,,,,,,,,,,,,,,4535,2128,188,38,15
2006,Enero,,,,,,,,,,,,,,,,,,,,,,405,46,11,,1
2006,Febrero,,,,,,,,,,,,,,,,,,,,,,535,57,10,2,3
2006,Marzo,,,,,,,,,,,,,,,,,,,,,,610,82,9,2,
2006,Abril,,,,,,,,,,,,,,,,,,,,,,458,60,13,2,3
2006,Mayo,,,,,,,,,,,,,,,,,,,,,,439,145,11,2,1
2006,Junio,,,,,,,,,,,,,,,,,,,,,,484,158,16,5,
2006,Julio,,,,,,,,,,,,,,,,,,,,,,304,139,9,2,1
2006,Agosto,,,,,,,,,,,,,,,,,,,,,,407,316,27,8,2
2006,Septiembre,,,,,,,,,,,,,,,,,,,,,,268,318,23,3,2
2006,Octubre,,,,,,,,,,,,,,,,,,,,,,204,363,21,4,1
2006,Noviembre,,,,,,,,,,,,,,,,,,,,,,219,326,25,6,1
2006,Diciembre,,,,,,,,,,,,,,,,,,,,,,202,118,13,2,
2007,Total,,,,,,,,,,,,,,,,,,,,,,,4628,2062,150,27
2007,Enero,,,,,,,,,,,,,,,,,,,,,,,392,42,7,4
2007,Febrero,,,,,,,,,,,,,,,,,,,,,,,492,48,7,
2007,Marzo,,,,,,,,,,,,,,,,,,,,,,,560,89,9,3
2007,Abril,,,,,,,,,,,,,,,,,,,,,,,429,77,9,
2007,Mayo,,,,,,,,,,,,,,,,,,,,,,,522,121,10,2
2007,Junio,,,,,,,,,,,,,,,,,,,,,,,470,193,9,2
2007,Julio,,,,,,,,,,,,,,,,,,,,,,,309,96,5,3
2007,Agosto,,,,,,,,,,,,,,,,,,,,,,,401,281,8,3
2007,Septiembre,,,,,,,,,,,,,,,,,,,,,,,315,265,16,1
2007,Octubre,,,,,,,,,,,,,,,,,,,,,,,296,388,29,3
2007,Noviembre,,,,,,,,,,,,,,,,,,,,,,,228,322,27,3
2007,Diciembre,,,,,,,,,,,,,,,,,,,,,,,214,140,14,3
2008,Total,,,,,,,,,,,,,,,,,,,,,,,,5347,1941,122
2008,Enero,,,,,,,,,,,,,,,,,,,,,,,,412,50,7
2008,Febrero,,,,,,,,,,,,,,,,,,,,,,,,632,46,9
2008,Marzo,,,,,,,,,,,,,,,,,,,,,,,,565,54,8
2008,Abril,,,,,,,,,,,,,,,,,,,,,,,,592,90,10
2008,Mayo,,,,,,,,,,,,,,,,,,,,,,,,540,108,8
2008,Junio,,,,,,,,,,,,,,,,,,,,,,,,529,123,11
2008,Julio,,,,,,,,,,,,,,,,,,,,,,,,422,102,6
2008,Agosto,,,,,,,,,,,,,,,,,,,,,,,,409,215,7
2008,Septiembre,,,,,,,,,,,,,,,,,,,,,,,,369,248,14
2008,Octubre,,,,,,,,,,,,,,,,,,,,,,,,312,251,10
2008,Noviembre,,,,,,,,,,,,,,,,,,,,,,,,292,419,23
2008,Diciembre,,,,,,,,,,,,,,,,,,,,,,,,273,235,9
2009,Total,,,,,,,,,,,,,,,,,,,,,,,,,7207,2628
2009,Enero,,,,,,,,,,,,,,,,,,,,,,,,,765,30
2009,Febrero,,,,,,,,,,,,,,,,,,,,,,,,,843,53
2009,Marzo,,,,,,,,,,,,,,,,,,,,,,,,,962,64
2009,Abril,,,,,,,,,,,,,,,,,,,,,,,,,620,44
2009,Mayo,,,,,,,,,,,,,,,,,,,,,,,,,724,96
2009,Junio,,,,,,,,,,,,,,,,,,,,,,,,,850,124
2009,Julio,,,,,,,,,,,,,,,,,,,,,,,,,471,111
2009,Agosto,,,,,,,,,,,,,,,,,,,,,,,,,718,278
2009,Septiembre,,,,,,,,,,,,,,,,,,,,,,,,,490,351
2009,Octubre,,,,,,,,,,,,,,,,,,,,,,,,,414,585
2009,Noviembre,,,,,,,,,,,,,,,,,,,,,,,,,276,607
2009,Diciembre,,,,,,,,,,,,,,,,,,,,,,,,,74,285
2010,Total,,,,,,,,,,,,,,,,,,,,,,,,,,8235
2010,Enero,,,,,,,,,,,,,,,,,,,,,,,,,,845
2010,Febrero,,,,,,,,,,,,,,,,,,,,,,,,,,905
2010,Marzo,,,,,,,,,,,,,,,,,,,,,,,,,,968
2010,Abril,,,,,,,,,,,,,,,,,,,,,,,,,,964
2010,Mayo,,,,,,,,,,,,,,,,,,,,,,,,,,885
2010,Junio,,,,,,,,,,,,,,,,,,,,,,,,,,905
2010,Julio,,,,,,,,,,,,,,,,,,,,,,,,,,489
2010,Agosto,,,,,,,,,,,,,,,,,,,,,,,,,,848
2010,Septiembre,,,,,,,,,,,,,,,,,,,,,,,,,,484
2010,Octubre,,,,,,,,,,,,,,,,,,,,,,,,,,405
2010,Noviembre,,,,,,,,,,,,,,,,,,,,,,,,,,292
2010,Diciembre,,,,,,,,,,,,,,,,,,,,,,,,,,245
No especificado,Total,,,,,,,,,9,15,,,,,,1,,,,,1,,,,,
No especificado,No especificado,,,,,,,,,9,15,,,,,,1,,,,,1,,,,,
FUENTE: INEGI. Estadísticas de nupcialidad.,,,,,,,,,,,,,,,,,,,,,,,,,,,
