Divorcios,,,,,,,,,,,,,,,,,,,
Ent y mun de registro : Distrito Federal,,,,,,,,,,,,,,,,,,,
Ent y mun matrimonio : Distrito Federal,,,,,,,,,,,,,,,,,,,
,,,,,,,,,,,,,,,,,,,
Consulta de: Divorcios   Por: Año de demanda y Año del matrimonio   Según: Año registro hecho,,,,,,,,,,,,,,,,,,,
,,,,,,,,,,,,,,,,,,,
,,,,,,,,,,,,,,,,,,,
,,1993,1994,1995,1996,1997,1998,1999,2000,2001,2002,2003,2004,2005,2006,2007,2008,2009,2010
Total,Total,4836,5474,5692,5785,5374,5706,6066,6064,6472,6450,6222,5880,6204,6065,6324,6884,5775,7186
Total,1920,3,8,7,10,4,8,,22,,,,,,,,,,
Total,1921,,,,,1,1,,,,,,,,,,,,
Total,1922,1,,,1,1,,,,,,,,,,1,,,
Total,1923,,1,,1,2,,1,,1,,,,,,,,,
Total,1927,,,,,,,,1,,,,,,,,,,
Total,1929,,,,,,,1,,,,,,,,,,,
Total,1930,,,1,,,,,,,,,,,,,,,
Total,1931,,,,,,1,,,,,,,,,,,,
Total,1934,,,,,1,1,,,,,,,,,,,,
Total,1935,,,,1,,1,,,,1,,,,,,,,
Total,1936,,1,,,,,,,,,,,,,,,,
Total,1937,,,,,,2,,,,,,,,,,,,
Total,1938,1,1,,,,,,,,,,,,,,,,
Total,1939,2,,,,,1,,,,,,,,,,,,
Total,1940,1,1,1,,2,,,,,1,,,,,,,,
Total,1941,,,1,,,1,,,,1,,,,1,,,,
Total,1942,1,1,,1,,1,1,,,,,,,,,,1,
Total,1943,1,,2,1,,1,,,1,,,,1,,,,,
Total,1944,3,1,1,,1,,,1,1,,,,,,,,,
Total,1945,1,2,3,,,,2,,2,1,2,1,,1,,,1,
Total,1946,2,,,,1,,1,3,1,,1,,1,,,,,
Total,1947,1,2,,1,1,1,1,,,1,,,,1,,,,
Total,1948,4,1,5,3,3,2,3,1,,,1,,,,,,1,
Total,1949,3,1,2,3,5,,2,1,1,1,1,3,1,,,,1,
Total,1950,1,4,3,6,1,2,4,2,1,2,,2,1,1,1,,1,
Total,1951,4,2,2,2,3,,2,4,1,2,1,1,1,,,2,,
Total,1952,5,3,3,4,2,4,2,3,1,2,3,1,,1,,2,1,3
Total,1953,6,3,5,8,5,3,2,1,1,2,,,1,2,1,,,1
Total,1954,9,10,7,9,5,5,6,3,3,5,2,1,,2,2,,,3
Total,1955,6,5,7,4,5,8,4,7,5,3,2,4,5,5,,2,1,2
Total,1956,8,8,6,10,11,5,6,6,7,6,3,4,1,1,2,3,3,2
Total,1957,13,11,6,16,6,11,5,10,8,8,8,10,3,3,2,2,5,3
Total,1958,9,12,8,18,12,8,12,6,11,8,6,3,2,7,4,2,1,2
Total,1959,19,16,16,12,8,15,8,5,8,8,2,6,12,4,2,5,1,5
Total,1960,17,16,26,12,10,16,9,10,12,11,12,12,10,2,1,4,4,8
Total,1961,15,18,19,21,15,9,12,6,8,6,14,8,7,4,8,8,5,8
Total,1962,17,24,21,20,10,12,13,13,8,13,11,12,6,8,8,4,4,7
Total,1963,30,24,19,24,20,15,16,16,15,15,7,12,13,8,2,13,5,6
Total,1964,25,27,36,29,19,18,23,18,23,23,20,16,13,5,12,8,11,13
Total,1965,30,33,28,30,23,23,25,19,13,16,24,21,17,6,15,15,3,15
Total,1966,36,40,32,31,28,21,20,18,27,23,26,17,12,13,13,9,11,20
Total,1967,37,57,47,33,33,25,29,31,26,32,15,17,18,15,11,13,7,22
Total,1968,38,51,42,33,42,39,33,27,23,25,30,26,16,19,16,18,16,26
Total,1969,52,61,58,56,39,28,37,37,35,36,30,33,31,27,18,23,25,23
Total,1970,77,61,70,65,81,43,50,59,52,39,40,37,34,33,28,22,25,24
Total,1971,90,65,68,77,42,50,63,50,51,50,46,36,41,34,31,29,24,29
Total,1972,102,94,90,93,68,56,86,73,63,58,57,38,51,43,41,32,26,43
Total,1973,99,102,109,101,87,70,81,71,75,71,67,49,55,48,48,47,41,38
Total,1974,95,118,110,102,84,101,82,89,82,81,62,64,52,54,53,65,33,41
Total,1975,86,95,107,109,88,117,85,86,88,81,74,67,67,53,45,72,50,46
Total,1976,93,125,127,118,67,98,102,85,80,90,88,67,83,67,54,58,50,54
Total,1977,107,118,96,99,100,86,110,84,85,85,58,58,67,66,68,60,51,54
Total,1978,100,112,142,123,107,99,111,94,96,83,109,87,80,73,62,93,72,62
Total,1979,140,148,140,161,122,120,134,104,112,119,104,95,85,82,82,92,60,74
Total,1980,141,136,140,148,107,109,112,101,112,118,104,117,110,90,90,93,66,72
Total,1981,175,164,159,149,138,150,119,128,129,112,118,99,92,92,96,98,55,95
Total,1982,186,187,168,175,144,147,169,123,136,137,115,95,103,95,92,114,81,105
Total,1983,178,182,178,169,138,161,134,141,125,136,112,111,106,83,97,108,89,111
Total,1984,172,203,207,175,165,148,147,131,130,139,127,100,86,96,94,108,74,137
Total,1985,239,216,226,212,185,154,186,160,147,142,135,101,97,92,100,127,108,145
Total,1986,260,246,212,200,191,200,190,153,194,137,143,103,109,124,122,108,152,124
Total,1987,290,262,265,246,224,243,220,187,195,176,149,131,119,103,115,112,135,160
Total,1988,341,303,261,254,250,220,214,185,207,201,163,154,134,126,136,133,135,153
Total,1989,315,290,257,257,236,240,260,226,216,189,172,158,159,139,145,153,156,165
Total,1990,411,327,317,321,345,300,258,247,234,229,178,151,151,148,114,139,150,183
Total,1991,369,319,300,281,311,316,280,272,269,233,199,184,183,162,128,122,165,184
Total,1992,206,247,319,284,375,344,349,302,294,235,217,191,192,169,166,166,198,212
Total,1993,20,166,270,267,375,373,353,341,296,271,243,199,210,189,173,165,154,219
Total,1994,,20,138,268,373,388,407,325,338,316,261,228,232,191,174,183,200,211
Total,1995,,,16,138,412,406,345,420,373,335,290,242,226,219,193,211,190,233
Total,1996,,,,20,224,399,413,446,408,370,301,288,269,256,232,210,201,261
Total,1997,,,,,16,251,418,392,427,406,356,292,307,270,255,260,222,267
Total,1998,,,,,,29,262,444,445,480,347,331,325,289,275,297,248,289
Total,1999,,,,,,,31,246,440,432,458,373,407,324,346,317,266,289
Total,2000,,,,,,,,16,310,421,477,433,428,335,354,343,289,337
Total,2001,,,,,,,,,16,208,404,406,404,363,328,298,259,332
Total,2002,,,,,,,,,,14,195,371,402,402,380,353,295,271
Total,2003,,,,,,,,,,,23,194,361,358,398,377,241,294
Total,2004,,,,,,,,,,,,17,192,407,422,410,266,313
Total,2005,,,,,,,,,,,,,10,247,443,458,291,344
Total,2006,,,,,,,,,,,,,,7,220,436,257,349
Total,2007,,,,,,,,,,,,,,,5,272,217,332
Total,2008,,,,,,,,,,,,,,,,10,71,253
Total,2009,,,,,,,,,,,,,,,,,4,105
Total,2010,,,,,,,,,,,,,,,,,,7
Total,No especificado,143,723,786,773,,,15,12,4,4,9,3,3,,,,,
1920,Total,1,,,,,,,,,,,,,,,,,
1920,No especificado,1,,,,,,,,,,,,,,,,,
1959,Total,,,1,,,,,,,,,,,,,,,
1959,No especificado,,,1,,,,,,,,,,,,,,,
1962,Total,,1,,,,,,,,,,,,,,,,
1962,No especificado,,1,,,,,,,,,,,,,,,,
1963,Total,,,1,,,,,,,,,,,,,,,
1963,No especificado,,,1,,,,,,,,,,,,,,,
1967,Total,,2,,1,,,1,,,,,,,,,,,
1967,1967,,,,,,,1,,,,,,,,,,,
1967,No especificado,,2,,1,,,,,,,,,,,,,,
1968,Total,,,,1,,,,,,,,,,,,,,
1968,No especificado,,,,1,,,,,,,,,,,,,,
1969,Total,1,,,,,,,,,,,,,,,,,
1969,No especificado,1,,,,,,,,,,,,,,,,,
1970,Total,,,,,,,,1,,,,,,,,,,
1970,1963,,,,,,,,1,,,,,,,,,,
1971,Total,,2,1,1,,,,,,,,,,,,,,
1971,No especificado,,2,1,1,,,,,,,,,,,,,,
1972,Total,1,2,1,,,,,,,,,,,,,,,
1972,1951,1,,,,,,,,,,,,,,,,,
1972,No especificado,,2,1,,,,,,,,,,,,,,,
1973,Total,1,2,,,,,,1,,,,,,,,,,
1973,1964,1,,,,,,,,,,,,,,,,,
1973,1973,,,,,,,,1,,,,,,,,,,
1973,No especificado,,2,,,,,,,,,,,,,,,,
1974,Total,,1,3,1,,,,1,,,,,,,,,,
1974,1974,,,,,,,,1,,,,,,,,,,
1974,No especificado,,1,3,1,,,,,,,,,,,,,,
1975,Total,1,1,2,,,,,,,,,,,,,,,
1975,No especificado,1,1,2,,,,,,,,,,,,,,,
1976,Total,1,3,2,2,,,,,,,,,,,,,,
1976,1976,,,,1,,,,,,,,,,,,,,
1976,No especificado,1,3,2,1,,,,,,,,,,,,,,
1977,Total,2,2,2,6,,,1,,,,,,,,,,,
1977,1968,,,,,,,1,,,,,,,,,,,
1977,1970,,,,1,,,,,,,,,,,,,,
1977,No especificado,2,2,2,5,,,,,,,,,,,,,,
1978,Total,3,4,6,1,1,,,,,,,,,,,,,
1978,1965,,,,,1,,,,,,,,,,,,,
1978,No especificado,3,4,6,1,,,,,,,,,,,,,,
1979,Total,,8,3,1,,,,,,,,,,,,,,
1979,1978,,1,,,,,,,,,,,,,,,,
1979,No especificado,,7,3,1,,,,,,,,,,,,,,
1980,Total,,4,6,5,,,,,,,1,,2,,,1,1,
1980,1966,,,,,,,,,,,,,,,,,1,
1980,1972,,,,,,,,,,,,,,,,1,,
1980,1973,,1,,,,,,,,,,,,,,,,
1980,1975,,,,,,,,,,,,,1,,,,,
1980,1976,,,,,,,,,,,,,1,,,,,
1980,1977,,,,,,,,,,,1,,,,,,,
1980,1980,,1,,,,,,,,,,,,,,,,
1980,No especificado,,2,6,5,,,,,,,,,,,,,,
1981,Total,1,9,10,6,,,1,,,,2,,1,,,,,
1981,1971,,,,,,,1,,,,,,1,,,,,
1981,1973,,,,,,,,,,,1,,,,,,,
1981,1977,1,,,,,,,,,,,,,,,,,
1981,1979,,1,,,,,,,,,,,,,,,,
1981,1981,,,,,,,,,,,1,,,,,,,
1981,No especificado,,8,10,6,,,,,,,,,,,,,,
1982,Total,5,13,4,3,,,2,,,1,,,,,,,,
1982,1966,,,,,,,,,,1,,,,,,,,
1982,1969,1,,,,,,,,,,,,,,,,,
1982,1973,,,1,,,,,,,,,,,,,,,
1982,1976,,,,,,,1,,,,,,,,,,,
1982,1981,1,,,,,,,,,,,,,,,,,
1982,1982,,,,,,,1,,,,,,,,,,,
1982,No especificado,3,13,3,3,,,,,,,,,,,,,,
1983,Total,5,15,8,10,,,1,1,,2,,,1,,,,,
1983,1968,,,,,,,1,,,,,,,,,,,
1983,1975,,,,,,,,,,,,,1,,,,,
1983,1976,1,,,,,,,,,,,,,,,,,
1983,1977,,,,,,,,,,1,,,,,,,,
1983,1979,,,,,,,,,,1,,,,,,,,
1983,1983,,1,,,,,,1,,,,,,,,,,
1983,No especificado,4,14,8,10,,,,,,,,,,,,,,
1984,Total,6,20,15,11,,1,1,1,1,1,,2,,,,,,
1984,1958,,1,,,,,,,,,,,,,,,,
1984,1960,,,,,,,,,,,,1,,,,,,
1984,1966,,1,,,,,,,,,,,,,,,,
1984,1967,,2,,,,,,,,,,,,,,,,
1984,1970,1,,,,,,,,,,,,,,,,,
1984,1971,,,,,,,,,,1,,,,,,,,
1984,1972,,,,1,,,,,,,,,,,,,,
1984,1974,,,,,,1,,,,,,1,,,,,,
1984,1975,,,,,,,1,,,,,,,,,,,
1984,1977,,,,,,,,,1,,,,,,,,,
1984,1981,,2,,,,,,,,,,,,,,,,
1984,1984,,,,,,,,1,,,,,,,,,,
1984,No especificado,5,14,15,10,,,,,,,,,,,,,,
1985,Total,5,18,16,12,1,,1,,,,1,1,1,,,,1,
1985,1975,,,,,,,,,,,1,,,,,,,
1985,1979,1,,,1,,,,,,,,,,,,,,
1985,1980,,,,,,,,,,,,1,,,,,1,
1985,1981,,,,,1,,,,,,,,1,,,,,
1985,1983,,,,,,,1,,,,,,,,,,,
1985,No especificado,4,18,16,11,,,,,,,,,,,,,,
1986,Total,4,28,21,20,1,,1,2,,,,,,1,,,,
1986,1920,,,,1,,,,,,,,,,,,,,
1986,1960,,,1,,,,,,,,,,,,,,,
1986,1963,,,,1,,,,,,,,,,,,,,
1986,1972,,,,1,,,,,,,,,,,,,,
1986,1973,,,,,,,1,,,,,,,,,,,
1986,1978,,,,,1,,,,,,,,,,,,,
1986,1979,,,1,,,,,,,,,,,,,,,
1986,1980,,1,,1,,,,,,,,,,,,,,
1986,1982,,,,,,,,1,,,,,,1,,,,
1986,1983,,1,,,,,,,,,,,,,,,,
1986,1985,,,,,,,,1,,,,,,,,,,
1986,No especificado,4,26,19,16,,,,,,,,,,,,,,
1987,Total,15,40,33,32,1,,,2,2,,2,,,,1,,,
1987,1942,,1,,,,,,,,,,,,,,,,
1987,1970,,,,,1,,,,,,,,,,,,,
1987,1973,,,,1,,,,,,,,,,,,,,
1987,1974,1,,,,,,,,1,,,,,,,,,
1987,1976,,,,,,,,,,,1,,,,1,,,
1987,1977,,1,,,,,,,,,,,,,,,,
1987,1978,,,,,,,,,1,,,,,,,,,
1987,1981,1,,,,,,,,,,,,,,,,,
1987,1982,,,,,,,,,,,1,,,,,,,
1987,1983,1,,,,,,,1,,,,,,,,,,
1987,1984,,,,,,,,1,,,,,,,,,,
1987,No especificado,12,38,33,31,,,,,,,,,,,,,,
1988,Total,16,46,46,31,2,3,3,2,,1,,,,,1,,,
1988,1959,,,1,,,,,,,,,,,,,,,
1988,1961,,,,,1,,,,,,,,,,,,,
1988,1962,,,1,,,,,,,,,,,,,,,
1988,1965,,,1,,,,,,,,,,,,,,,
1988,1969,,,,,,1,,,,,,,,,,,,
1988,1972,,,,1,,1,,,,,,,,,,,,
1988,1973,1,1,,,,1,,,,1,,,,,,,,
1988,1979,1,,,,,,1,,,,,,,,,,,
1988,1980,1,,,,,,,,,,,,,,,,,
1988,1981,,,1,,,,,,,,,,,,,,,
1988,1982,,,,,,,1,1,,,,,,,,,,
1988,1983,,,,,1,,,,,,,,,,1,,,
1988,1985,1,,,1,,,,,,,,,,,,,,
1988,1986,,,,,,,,1,,,,,,,,,,
1988,1988,,,,,,,1,,,,,,,,,,,
1988,No especificado,12,45,42,29,,,,,,,,,,,,,,
1989,Total,22,79,48,40,2,1,3,1,1,,2,1,,,1,,,
1989,1954,,1,,,,,,,,,,,,,,,,
1989,1962,1,,,,,,,,,,,,,,,,,
1989,1967,,1,,,,,,,,,,,,,,,,
1989,1969,1,,,,,,,,,,,,,,,,,
1989,1970,,,,,,,,,,,,1,,,,,,
1989,1972,,,,,,,1,,,,,,,,,,,
1989,1973,1,,,,,,,,,,,,,,,,,
1989,1974,,1,,,,,,,,,,,,,,,,
1989,1977,1,,,,,,1,,,,,,,,,,,
1989,1978,,,1,,,,,,,,,,,,,,,
1989,1980,,1,,,,,,,,,,,,,,,,
1989,1981,,,,,1,,,,,,2,,,,1,,,
1989,1982,,2,,,,,,,,,,,,,,,,
1989,1983,,,1,,1,,,,,,,,,,,,,
1989,1984,2,,,,,1,,,,,,,,,,,,
1989,1985,,1,,,,,,,,,,,,,,,,
1989,1986,1,,,,,,,,1,,,,,,,,,
1989,1987,2,,,,,,1,,,,,,,,,,,
1989,1989,,1,,,,,,1,,,,,,,,,,
1989,No especificado,13,71,46,40,,,,,,,,,,,,,,
1990,Total,49,100,86,56,1,2,4,1,2,2,,,,,2,,2,
1990,1954,1,,,,,,,,,,,,,,,,,
1990,1956,,,,,,,,,,1,,,,,,,,
1990,1964,,1,,,,,,,,,,,,,,,,
1990,1965,1,,,,,,,,,,,,,,,,,
1990,1969,,,,1,,,,,,,,,,,,,,
1990,1970,,3,,,,,,,,,,,,,,,1,
1990,1971,1,1,,,,,,,,,,,,,,,,
1990,1972,3,1,,,,,,1,,,,,,,,,,
1990,1973,,,,,,,,,,,,,,,,,1,
1990,1974,2,,,,1,,,,1,,,,,,,,,
1990,1975,2,,,,,,1,,,,,,,,,,,
1990,1976,1,1,,,,,1,,,,,,,,,,,
1990,1977,1,,1,,,,,,,1,,,,,,,,
1990,1978,2,,,1,,,,,,,,,,,1,,,
1990,1979,2,,,,,,,,,,,,,,,,,
1990,1980,1,,,,,,,,,,,,,,,,,
1990,1981,2,,,,,1,,,,,,,,,,,,
1990,1982,1,,,,,,,,,,,,,,,,,
1990,1983,,,,,,1,1,,,,,,,,,,,
1990,1984,2,,1,,,,,,,,,,,,1,,,
1990,1985,1,,,,,,1,,,,,,,,,,,
1990,1986,2,,,,,,,,,,,,,,,,,
1990,1987,,,1,2,,,,,,,,,,,,,,
1990,1988,1,,,,,,,,,,,,,,,,,
1990,1989,2,,,,,,,,1,,,,,,,,,
1990,No especificado,21,93,83,52,,,,,,,,,,,,,,
1991,Total,139,139,98,101,3,2,1,1,2,,,,1,1,,1,2,
1991,1948,,,,,1,,,,,,,,,,,,,
1991,1951,1,,,,,,,,,,,,,,,,,
1991,1952,,,,,,1,,,,,,,,,,,,
1991,1953,1,,,,,,,,,,,,,,,,,
1991,1954,2,,,,,,,,,,,,,,,,,
1991,1955,1,,,,,,,,,,,,,,,,,
1991,1956,,,,1,,,,,,,,,,,,,,
1991,1957,1,,,,,,,,,,,,,,,,,
1991,1961,1,1,,,,,,,,,,,,,,,,
1991,1962,1,,,,,,,,,,,,,,,,,
1991,1963,1,1,,1,,,1,,,,,,,,,,,
1991,1964,2,1,,,,,,,,,,,,,,,,
1991,1966,2,,,,,,,,,,,,,,,,,
1991,1967,,,1,,,,,,,,,,,,,,,
1991,1968,2,,,,,,,,,,,,,,,,,
1991,1969,,1,1,,,,,,,,,,,,,,,
1991,1970,6,,,,,,,,,,,,,,,,,
1991,1971,4,,,,,,,,,,,,,,,,,
1991,1972,3,,,,,,,,,,,,,,,,,
1991,1973,4,,,,,,,,,,,,,,,,,
1991,1974,1,,,,,,,,,,,,,,,,,
1991,1975,3,1,1,,,,,,,,,,,,,,,
1991,1976,3,1,,,,,,,,,,,,,,,,
1991,1977,3,,,,,,,,,,,,,,,,,
1991,1978,1,,,1,,,,1,,,,,,,,,,
1991,1979,4,1,,,,,,,1,,,,1,,,,,
1991,1980,6,,,,,,,,,,,,,,,,2,
1991,1981,7,2,1,,1,,,,,,,,,,,,,
1991,1982,1,,,,,,,,,,,,,,,,,
1991,1983,6,5,1,,,,,,,,,,,,,,,
1991,1984,6,2,1,1,,,,,,,,,,,,,,
1991,1985,9,2,,1,,,,,,,,,,,,,,
1991,1986,3,2,1,1,,,,,,,,,,,,,,
1991,1987,6,1,1,1,,,,,1,,,,,1,,,,
1991,1988,8,1,1,1,1,,,,,,,,,,,,,
1991,1989,7,1,1,,,,,,,,,,,,,,,
1991,1990,5,,,,,,,,,,,,,,,1,,
1991,1991,,,,,,1,,,,,,,,,,,,
1991,No especificado,28,116,88,93,,,,,,,,,,,,,,
1992,Total,1585,250,151,123,5,5,8,2,2,2,2,,1,1,,,1,
1992,1920,2,,,,,,,,,,,,,,,,,
1992,1922,1,,,,,,,,,,,,,,,,,
1992,1938,1,,,,,,,,,,,,,,,,,
1992,1939,1,,,,,,,,,,,,,,,,,
1992,1942,1,,,,,,,,,,,,,,,,,
1992,1944,3,1,,,,,,,,,,,,,,,,
1992,1946,2,,,,,,,,,,,,,,,,,
1992,1947,1,,,,,,,,,,,,,,,,,
1992,1948,3,,,,,,,,,,,,,,,,,
1992,1949,3,,,,,,,,,,,,,,,,,
1992,1952,3,,,,,,1,,,,,,,,,,,
1992,1953,2,1,,,,,,,,,,,,,,,,
1992,1954,4,1,,,,,,,,,,,,,,,,
1992,1955,2,1,,,,,,,,,,,,,,,,
1992,1956,6,,,,,,,,,,,,,,,,,
1992,1957,4,,,,,,,,,,,,,,,,,
1992,1958,5,,,,,,,,,,,,,,,,,
1992,1959,11,1,,,,,,,,,,,,,,,,
1992,1960,9,,,,,,,,,,,,,,,,,
1992,1961,7,,,,,,,,,,1,,,,,,,
1992,1962,4,1,,,,,,,,,,,,,,,,
1992,1963,12,,1,,,,,,,,,,,,,,,
1992,1964,8,1,,,,,,,,,,,,,,,,
1992,1965,16,,,,,,1,,,,,,,,,,,
1992,1966,19,1,,,,,,,,,1,,,,,,,
1992,1967,17,2,1,,,,,,,,,,,,,,,
1992,1968,13,,,,,,,,,,,,,,,,,
1992,1969,28,,,,,,,,,,,,,,,,,
1992,1970,30,3,,,,,,,,,,,,,,,,
1992,1971,42,4,,,,,1,,,,,,,,,,,
1992,1972,51,2,1,,,,,,1,,,,,,,,,
1992,1973,33,1,1,,1,,,,,,,,,,,,,
1992,1974,32,4,,1,,,1,1,,,,,,,,,,
1992,1975,49,2,1,,,,,,,,,,,,,,,
1992,1976,41,4,,,1,1,,,,,,,,,,,,
1992,1977,48,7,,,,,,,,,,,,,,,,
1992,1978,38,6,,,,1,,,,,,,,,,,,
1992,1979,57,2,,,,,,,,,,,,,,,,
1992,1980,56,5,2,,,,,,,,,,,,,,,
1992,1981,81,5,1,1,1,,,,,1,,,,,,,,
1992,1982,77,5,,1,,,1,,,,,,,1,,,,
1992,1983,81,4,3,1,,1,2,1,,,,,,,,,,
1992,1984,67,11,3,3,,,1,,1,,,,,,,,,
1992,1985,93,5,,,,1,,,,1,,,1,,,,,
1992,1986,98,7,2,1,,,,,,,,,,,,,1,
1992,1987,88,10,1,,,,,,,,,,,,,,,
1992,1988,105,9,,,,,,,,,,,,,,,,
1992,1989,85,7,1,,2,1,,,,,,,,,,,,
1992,1990,91,3,1,1,,,,,,,,,,,,,,
1992,1991,30,3,1,1,,,,,,,,,,,,,,
1992,1992,4,,,,,,,,,,,,,,,,,
1992,No especificado,20,131,131,113,,,,,,,,,,,,,,
1993,Total,2966,1841,296,147,14,5,4,4,,,4,1,1,,2,,,
1993,1920,1,6,,,,,,,,,,,,,,,,
1993,1939,1,,,,,,,,,,,,,,,,,
1993,1940,1,1,,,,,,,,,,,,,,,,
1993,1943,1,,,,,,,,,,,,,,,,,
1993,1945,1,1,,,,,,,,,,,,,,,,
1993,1947,,1,,,,,,,,,,,,,,,,
1993,1948,1,,,,,,,,,,,,,,,,,
1993,1950,1,2,,,,,,,,,,,,,,,,
1993,1951,2,1,,,,,,,,,,,,,,,,
1993,1952,2,2,1,,,,,,,,,,,,,,,
1993,1953,3,1,1,,,,,,,,,,,,,,,
1993,1954,2,7,,,,,,,,,,,,,,,,
1993,1955,3,,,,,,,,,,,,,,,,,
1993,1956,2,3,,,,,,,,,,,,,,,,
1993,1957,8,6,,,,,,,,,,,,,,,,
1993,1958,4,2,,,,,1,,,,,,,,,,,
1993,1959,8,10,,,,,,,,,,,,,,,,
1993,1960,8,8,,,,,,,,,,,,,,,,
1993,1961,7,7,,,,,,,,,,,,,,,,
1993,1962,11,11,,,,,,,,,,,,,,,,
1993,1963,17,12,,,,,,,,,,,,,,,,
1993,1964,14,12,,,,,,,,,,,,,,,,
1993,1965,13,17,1,,,,,,,,,,,,,,,
1993,1966,15,22,,,,,,,,,,,,,,,,
1993,1967,20,18,2,,,,,,,,,,,,,,,
1993,1968,23,32,,,,,,,,,,,,,,,,
1993,1969,22,27,4,1,,,,,,,,,,,,,,
1993,1970,40,28,4,2,,,,,,,,,,,,,,
1993,1971,43,23,3,3,,,,,,,,,,,,,,
1993,1972,45,46,4,2,1,,,,,,,,,,1,,,
1993,1973,60,50,5,4,1,,,,,,,,,,,,,
1993,1974,59,39,5,,1,1,1,1,,,,,,,,,,
1993,1975,32,37,2,,,,,,,,,,,,,,,
1993,1976,47,66,4,,,,,,,,,,,,,,,
1993,1977,53,53,3,,,,1,,,,,,,,,,,
1993,1978,59,46,5,,1,,,1,,,,,,,,,,
1993,1979,75,53,9,,,,,,,,1,,,,,,,
1993,1980,77,47,4,3,,,,,,,,,,,,,,
1993,1981,83,67,5,1,,,,,,,,,,,1,,,
1993,1982,107,80,7,4,,,,,,,,,1,,,,,
1993,1983,90,77,10,3,,,,,,,,,,,,,,
1993,1984,95,98,8,,,1,,,,,,,,,,,,
1993,1985,135,91,10,4,2,,,,,,2,,,,,,,
1993,1986,156,92,6,,,1,,,,,,,,,,,,
1993,1987,194,93,13,1,,,1,,,,,,,,,,,
1993,1988,227,111,5,1,1,,,,,,,,,,,,,
1993,1989,221,109,5,1,2,,,,,,,,,,,,,
1993,1990,315,103,6,2,1,1,,1,,,,,,,,,,
1993,1991,339,74,3,2,3,,,,,,,,,,,,,
1993,1992,202,42,8,2,1,,,1,,,,,,,,,,
1993,1993,20,9,1,,,1,,,,,1,1,,,,,,
1993,No especificado,1,98,152,111,,,,,,,,,,,,,,
1994,Total,,2836,2026,289,23,10,8,6,3,2,,1,4,,2,,1,
1994,1920,,2,2,,,,,,,,,,,,,,,
1994,1923,,1,,,,,,,,,,,,,,,,
1994,1930,,,1,,,,,,,,,,,,,,,
1994,1936,,1,,,,,,,,,,,,,,,,
1994,1938,,1,,,,,,,,,,,,,,,,
1994,1940,,,1,,,,,,,,,,,,,,,
1994,1944,,,1,,,,,,,,,,,,,,,
1994,1945,,1,2,,,,,,,,,,,,,,,
1994,1947,,1,,,,,,,,,,,,,,,,
1994,1948,,1,2,,,,,,,,,,,,,,,
1994,1949,,1,1,,,,,,,,,,,,,,,
1994,1950,,2,1,1,,,,,,,,,,,,,,
1994,1951,,1,,,,,,,,,,,,,,,,
1994,1952,,1,1,,,,,,,,,,,,,,,
1994,1953,,1,3,,,,,,,,,,,,,,,
1994,1954,,1,2,,,,,,,,,,,,,,,
1994,1955,,4,3,,,,,,,,,,,,,,,
1994,1956,,5,1,,1,,,,,,,,,,,,,
1994,1957,,5,5,3,1,,,,,,,,,,,,,
1994,1958,,9,5,1,,,,,,,,,,,,,,
1994,1959,,5,7,,1,,,,,,,,,,,,,
1994,1960,,8,16,,,,,,,,,,,,,,,
1994,1961,,10,10,,,1,,,,,,,,,,,,
1994,1962,,12,7,3,,,,,,,,,,,,,,
1994,1963,,11,5,1,,,,,,,,,,,,,,
1994,1964,,12,19,,,,,,,,,,,,,,,
1994,1965,,16,11,,,,,,,,,,,,,,,
1994,1966,,16,13,1,,,,,,,,,,,,,,
1994,1967,,34,19,,,,,,,,,,,,,,,
1994,1968,,19,17,2,,,,,,,,,,,,,,
1994,1969,,33,31,1,,,,,,,,,,,,,,
1994,1970,,27,29,3,1,,,,,,,,,,,,,
1994,1971,,37,34,4,2,,,,,,,,,,,,,
1994,1972,,45,36,6,2,,,,,,,,,,,,,
1994,1973,,49,63,6,,,,,,,,,,,,,,
1994,1974,,74,52,4,2,,1,,1,,,,1,,,,,
1994,1975,,55,42,6,,,,,,,,,1,,,,,
1994,1976,,53,54,1,1,,,,,,,,,,1,,,
1994,1977,,57,45,7,,1,1,,,,,,,,,,,
1994,1978,,59,61,5,,,,,,,,,,,,,,
1994,1979,,91,67,5,,1,,1,,,,,,,1,,,
1994,1980,,81,62,5,,1,,,,,,,,,,,,
1994,1981,,88,66,6,,,,1,,,,,1,,,,,
1994,1982,,100,76,5,2,,,,1,,,,,,,,1,
1994,1983,,94,85,12,,,,1,,1,,,,,,,,
1994,1984,,92,94,5,2,1,,,,,,,,,,,,
1994,1985,,117,104,4,,1,,,,,,,1,,,,,
1994,1986,,145,85,7,2,1,,,,,,1,,,,,,
1994,1987,,158,106,13,2,,1,,,,,,,,,,,
1994,1988,,182,127,10,1,,2,,,1,,,,,,,,
1994,1989,,172,103,4,,1,,,,,,,,,,,,
1994,1990,,221,114,7,1,,2,,1,,,,,,,,,
1994,1991,,242,91,5,2,,1,,,,,,,,,,,
1994,1992,,205,78,8,,1,,1,,,,,,,,,,
1994,1993,,157,50,4,,1,,2,,,,,,,,,,
1994,1994,,20,7,1,,,,,,,,,,,,,,
1994,No especificado,,1,109,133,,,,,,,,,,,,,,
1995,Total,,,2806,2005,119,22,9,7,4,3,4,3,6,4,,,,1
1995,1920,,,5,3,,,,,,,,,,,,,,
1995,1922,,,,1,,,,,,,,,,,,,,
1995,1935,,,,1,,,,,,,,,,,,,,
1995,1941,,,1,,,,,,,,,,,,,,,
1995,1943,,,2,,,,,,,,,,,,,,,
1995,1945,,,1,,,,,,,,,,,,,,,
1995,1948,,,3,1,,,,,,,,,,,,,,
1995,1949,,,1,3,,,,,,,,,,,,,,
1995,1950,,,2,2,,,,,,,,,,,,,,
1995,1951,,,2,1,,,,,,,,,,,,,,
1995,1952,,,1,2,,,,,,,,,,,,,,
1995,1953,,,1,2,,1,,,,,,,,,,,,
1995,1954,,,5,5,1,1,,,,,,,,,,,,
1995,1955,,,4,1,,1,,,,,,,,,,,,
1995,1956,,,5,3,,,1,,,,,,,,,,,
1995,1957,,,1,9,,,,,,,,1,1,,,,,
1995,1958,,,3,6,,,,,,,,,,,,,,
1995,1959,,,8,3,1,,,,,,,,,,,,,
1995,1960,,,9,5,,,,,,,,,,,,,,
1995,1961,,,9,13,1,,,,,,,,,,,,,
1995,1962,,,13,7,,,,,,,,,,,,,,
1995,1963,,,13,8,,,,,,,,,,,,,,
1995,1964,,,17,9,1,,1,,,,,,,,,,,
1995,1965,,,15,17,1,,,1,,,,,,,,,,
1995,1966,,,19,15,3,,,,,,,,,,,,,
1995,1967,,,24,18,1,,,,,,,,,,,,,
1995,1968,,,25,15,1,,,,,,,,,,,,,
1995,1969,,,22,30,,,,,,,,,,,,,,
1995,1970,,,37,31,3,1,,,,1,,,,,,,,
1995,1971,,,31,42,1,,1,,,,,,,,,,,
1995,1972,,,49,39,2,1,,,,,,,,,,,,
1995,1973,,,39,38,6,,,,,,,,,,,,,
1995,1974,,,53,45,3,,,,1,,,,2,,,,,
1995,1975,,,61,56,2,1,,,,,,,,,,,,
1995,1976,,,69,51,4,1,,,,,1,,,,,,,
1995,1977,,,47,46,4,,,,,,,,1,,,,,
1995,1978,,,75,55,7,,,,1,,,,,1,,,,
1995,1979,,,63,71,,1,1,,,,,1,1,,,,,
1995,1980,,,72,62,7,,,,,,,,,,,,,
1995,1981,,,85,67,1,,1,,,,,,,,,,,
1995,1982,,,85,76,3,,,,,,,,,,,,,1
1995,1983,,,78,74,5,4,,1,,2,,,,1,,,,
1995,1984,,,100,72,8,,,1,,,1,,,1,,,,
1995,1985,,,112,94,4,1,,1,,,,1,1,,,,,
1995,1986,,,118,82,6,2,,1,,,,,,,,,,
1995,1987,,,143,93,8,1,2,1,1,,,,,,,,,
1995,1988,,,128,107,6,,,,,,,,,1,,,,
1995,1989,,,147,103,7,3,,,,,1,,,,,,,
1995,1990,,,196,110,5,1,1,,,,1,,,,,,,
1995,1991,,,205,98,6,,,,,,,,,,,,,
1995,1992,,,233,95,6,,,,1,,,,,,,,,
1995,1993,,,219,73,1,1,,,,,,,,,,,,
1995,1994,,,131,44,4,1,1,,,,,,,,,,,
1995,1995,,,16,6,,,,1,,,,,,,,,,
1995,No especificado,,,3,95,,,,,,,,,,,,,,
1996,Total,,,,2880,1627,86,21,12,3,5,2,1,2,4,,1,,1
1996,1920,,,,6,2,,,,,,,,,,,,,
1996,1921,,,,,1,,,,,,,,,,,,,
1996,1922,,,,,1,,,,,,,,,,,,,
1996,1923,,,,1,1,,,,,,,,,,,,,
1996,1934,,,,,1,,,,,,,,,,,,,
1996,1942,,,,1,,,,,,,,,,,,,,
1996,1943,,,,1,,,,,,,,,,,,,,
1996,1944,,,,,1,,,,,,,,,,,,,
1996,1946,,,,,1,,,,,,,,,,,,,
1996,1947,,,,1,,,,,,,,,,,,,,
1996,1948,,,,2,1,,1,,,,,,,,,,,
1996,1950,,,,3,1,,,,,,,,,,,,,
1996,1951,,,,1,2,,,,,,,,,,,,,
1996,1952,,,,2,1,,,,,,,,,,,,,
1996,1953,,,,6,4,,,,,,,,,,,,,
1996,1954,,,,4,2,,,,,,,,,,,,,
1996,1955,,,,3,2,,,,,,,,,,,,,
1996,1956,,,,6,7,,,1,,,,,,,,,,
1996,1957,,,,4,2,1,,,,,,,,,,,,
1996,1958,,,,11,5,,,,,,,,,,,,,
1996,1959,,,,9,5,,,,,,,,,,,,,
1996,1960,,,,7,2,1,1,,,,,,,,,,,
1996,1961,,,,8,5,,,,,,,,,,,,,
1996,1962,,,,10,8,1,,,,,,,,,,,,
1996,1963,,,,13,9,,,,,,,,,,,,,
1996,1964,,,,20,8,1,,,,,,,,,,,,
1996,1965,,,,13,7,,,,,,,,,,,,,
1996,1966,,,,15,7,,,,,,,,,,,,,
1996,1967,,,,15,10,1,,,,,,,,,,,,
1996,1968,,,,16,23,1,1,,,,,,,,,,,
1996,1969,,,,23,10,1,1,,,,,,,,,,,
1996,1970,,,,28,19,,,,,1,,,,,,,,
1996,1971,,,,28,16,,,,,,,,,,,,,
1996,1972,,,,43,19,,,,,,,,,,,,,
1996,1973,,,,52,32,1,,,,,,,,1,,,,
1996,1974,,,,52,32,,1,1,,,,,,,,,,
1996,1975,,,,47,39,3,,,,,,,1,,,,,
1996,1976,,,,65,24,1,,,,,,,,,,,,
1996,1977,,,,46,46,1,1,,,,,,,,,,,
1996,1978,,,,61,45,,,1,,,,,,,,,,1
1996,1979,,,,84,49,6,1,,,,,,,1,,,,
1996,1980,,,,77,47,2,,,,,1,,,,,,,
1996,1981,,,,74,63,6,1,,,,,,,,,,,
1996,1982,,,,89,61,2,2,1,,,,,,1,,,,
1996,1983,,,,79,52,3,3,,,2,,,,,,,,
1996,1984,,,,94,54,4,,1,,,,,1,1,,,,
1996,1985,,,,108,70,2,,1,,,,,,,,,,
1996,1986,,,,109,76,4,,,,,1,,,,,,,
1996,1987,,,,136,78,7,1,,,,,,,,,,,
1996,1988,,,,135,100,4,,,,,,,,,,1,,
1996,1989,,,,149,59,3,2,2,1,1,,,,,,,,
1996,1990,,,,201,127,9,1,3,,,,,,,,,,
1996,1991,,,,175,100,6,2,1,,1,,,,,,,,
1996,1992,,,,179,91,5,2,,1,,,,,,,,,
1996,1993,,,,190,87,6,,,,,,1,,,,,,
1996,1994,,,,223,54,2,,,,,,,,,,,,
1996,1995,,,,132,47,2,,,1,,,,,,,,,
1996,1996,,,,20,11,,,,,,,,,,,,,
1996,No especificado,,,,3,,,,,,,,,,,,,,
1997,Total,,,,,3574,1837,98,16,6,7,4,3,6,2,2,1,1,2
1997,1920,,,,,2,2,,,,,,,,,,,,
1997,1923,,,,,1,,,,,,,,,,,,,
1997,1934,,,,,,1,,,,,,,,,,,,
1997,1935,,,,,,1,,,,,,,,,,,,
1997,1937,,,,,,1,,,,,,,,,,,,
1997,1940,,,,,2,,,,,,,,,,,,,
1997,1941,,,,,,1,,,,,,,,,,,,
1997,1947,,,,,1,1,,,,,,,,,,,,
1997,1948,,,,,1,2,,,,,,,,,,,,
1997,1949,,,,,5,,,,,,,,,,,,,
1997,1950,,,,,,1,,,,,,,,,,,,
1997,1951,,,,,1,,,,,,,,,,,,,
1997,1952,,,,,1,,,,,,,,,,,,,
1997,1953,,,,,1,1,,,,,,,,,,,,
1997,1954,,,,,2,3,,,,,,,,,,,,
1997,1955,,,,,3,4,,,,,,,,,,,,
1997,1956,,,,,3,2,,,,,,,,,,,,
1997,1957,,,,,3,5,,,,,,,,,,,,
1997,1958,,,,,7,2,,,,,,,,,,,,
1997,1959,,,,,1,7,1,,,,,,,,,,,
1997,1960,,,,,8,8,,,,,,,,,,,,
1997,1961,,,,,8,6,,,,,,,,,,,,
1997,1962,,,,,2,5,,,,,,,,,,,,
1997,1963,,,,,11,4,,,,,,,,,,,,
1997,1964,,,,,10,9,1,,,,,,,,,,,
1997,1965,,,,,14,9,,,,,1,,,,,,,
1997,1966,,,,,18,7,2,,,,,,,,,,,
1997,1967,,,,,22,8,,,1,1,,,,,,,,
1997,1968,,,,,18,19,,,,,,,,,,,,1
1997,1969,,,,,29,15,,,,,,,,,,,,
1997,1970,,,,,57,18,2,,,,,,,,,,,
1997,1971,,,,,23,16,5,,,,,,,,,,,
1997,1972,,,,,44,21,2,1,,,,,,,,,,
1997,1973,,,,,47,31,1,,,,,,,,,,,
1997,1974,,,,,45,44,2,,,1,,,1,,,,,
1997,1975,,,,,47,46,2,1,,,,,,,1,,,
1997,1976,,,,,37,42,4,,,1,,,,,,,,
1997,1977,,,,,50,36,3,,,,,1,,,,,,
1997,1978,,,,,53,49,3,,,,,,,,,,,
1997,1979,,,,,73,48,3,,,,,,,,,,,
1997,1980,,,,,53,52,5,,,,,,,,,,,
1997,1981,,,,,70,60,3,,1,,,,,,,,,
1997,1982,,,,,78,69,1,,,,,,,,,,,
1997,1983,,,,,79,65,2,1,,1,1,,1,,,,,
1997,1984,,,,,101,55,,,,,,,1,,,,,
1997,1985,,,,,109,74,5,1,,1,1,,,1,1,,1,
1997,1986,,,,,107,84,10,1,1,,,1,1,,,,,
1997,1987,,,,,136,74,4,,,,1,,,,,,,
1997,1988,,,,,141,85,3,2,,,,1,,,,,,
1997,1989,,,,,166,91,5,1,1,,,,1,,,,,
1997,1990,,,,,211,123,2,1,1,,,,,,,1,,
1997,1991,,,,,200,112,3,3,,,,,,,,,,
1997,1992,,,,,277,100,5,1,1,,,,,,,,,
1997,1993,,,,,287,97,3,,,1,,,,,,,,1
1997,1994,,,,,315,82,6,2,,,,,1,,,,,
1997,1995,,,,,365,66,2,,,1,,,,,,,,
1997,1996,,,,,213,60,2,,,,,,,1,,,,
1997,1997,,,,,16,13,5,,,,,,,,,,,
1997,No especificado,,,,,,,1,1,,,,,,,,,,
1998,Total,,,,,,3732,1875,86,39,14,5,4,5,3,2,,1,
1998,1920,,,,,,6,,,,,,,,,,,,
1998,1921,,,,,,1,,,,,,,,,,,,
1998,1931,,,,,,1,,,,,,,,,,,,
1998,1937,,,,,,1,,,,,,,,,,,,
1998,1939,,,,,,1,,,,,,,,,,,,
1998,1942,,,,,,1,1,,,,,,,,,,,
1998,1943,,,,,,1,,,,,,,,,,,,
1998,1949,,,,,,,1,,,,,,,,,,,
1998,1950,,,,,,1,1,,,,,,,,,,,
1998,1951,,,,,,,1,,,,,,,,,,,
1998,1952,,,,,,3,,,,,,,,,,,,
1998,1953,,,,,,1,,,,,,,,,,,,
1998,1954,,,,,,1,2,,,,,,,,,,,
1998,1955,,,,,,3,1,,,,,,,,,,,
1998,1956,,,,,,3,2,,,,,1,,,,,,
1998,1957,,,,,,5,3,2,1,,,,,,,,,
1998,1958,,,,,,6,5,,,,,,,,,,,
1998,1959,,,,,,8,3,,,,,,,,,,,
1998,1960,,,,,,7,3,,,,,,,,,,,
1998,1961,,,,,,2,4,,,,,,,,,,,
1998,1962,,,,,,6,1,,,1,,,,,,,,
1998,1963,,,,,,11,6,,,,,,1,,,,,
1998,1964,,,,,,8,13,2,1,,,,,,,,,
1998,1965,,,,,,14,10,1,,,,,,,,,,
1998,1966,,,,,,14,5,,1,,,,,,,,,
1998,1967,,,,,,16,16,1,,,,,,,,,,
1998,1968,,,,,,19,11,2,,,,,,,,,,
1998,1969,,,,,,11,15,,,,,,,,,,1,
1998,1970,,,,,,24,25,2,1,,,2,,,,,,
1998,1971,,,,,,34,23,3,1,,,,,,,,,
1998,1972,,,,,,33,37,3,1,,,,1,,,,,
1998,1973,,,,,,37,30,,1,,,,,,,,,
1998,1974,,,,,,55,30,2,3,,,,,1,,,,
1998,1975,,,,,,67,37,3,1,,,,,,,,,
1998,1976,,,,,,53,43,1,,,,,,,,,,
1998,1977,,,,,,48,40,,1,,,,,,1,,,
1998,1978,,,,,,49,53,4,,,,,,,,,,
1998,1979,,,,,,64,59,3,,2,,,,,,,,
1998,1980,,,,,,54,40,2,1,1,,,,,,,,
1998,1981,,,,,,83,52,3,,,,,,,1,,,
1998,1982,,,,,,76,82,4,1,,,,1,,,,,
1998,1983,,,,,,87,46,4,,1,,,,,,,,
1998,1984,,,,,,86,69,5,,,,,,1,,,,
1998,1985,,,,,,75,72,2,2,1,,,,,,,,
1998,1986,,,,,,108,62,1,4,,,,,,,,,
1998,1987,,,,,,161,82,2,4,1,,,,,,,,
1998,1988,,,,,,131,85,6,,,,,,,,,,
1998,1989,,,,,,141,98,1,2,,1,,,,,,,
1998,1990,,,,,,166,97,2,2,,,,,1,,,,
1998,1991,,,,,,197,91,7,1,1,2,1,,,,,,
1998,1992,,,,,,238,100,4,1,,1,,,,,,,
1998,1993,,,,,,267,108,3,2,1,,,1,,,,,
1998,1994,,,,,,303,98,3,3,2,,,,,,,,
1998,1995,,,,,,338,80,4,3,2,,,,,,,,
1998,1996,,,,,,339,65,2,,1,,,,,,,,
1998,1997,,,,,,238,49,2,,,1,,,,,,,
1998,1998,,,,,,29,14,,1,,,,1,,,,,
1998,No especificado,,,,,,,4,,,,,,,,,,,
1999,Total,,,,,,,4023,1898,117,29,14,12,9,4,2,,1,
1999,1920,,,,,,,,1,,,,,,,,,,
1999,1923,,,,,,,1,,,,,,,,,,,
1999,1929,,,,,,,1,,,,,,,,,,,
1999,1945,,,,,,,2,,,,,,,,,,,
1999,1946,,,,,,,1,,,,,,,,,,,
1999,1947,,,,,,,1,,,,,,,,,,,
1999,1948,,,,,,,2,1,,,,,,,,,,
1999,1949,,,,,,,1,1,,,,,,,,,,
1999,1950,,,,,,,3,2,,,,,,,,,,
1999,1951,,,,,,,1,,,,,,,,,,,
1999,1952,,,,,,,1,,,,,,,,,,,
1999,1953,,,,,,,2,,,,,,,,,,,
1999,1954,,,,,,,4,2,,,,,,,,,,
1999,1955,,,,,,,3,6,,,,,,,,,,
1999,1956,,,,,,,3,1,,,,,,,,,,
1999,1957,,,,,,,2,1,,,1,,,,,,,
1999,1958,,,,,,,6,2,,,,,,,,,,
1999,1959,,,,,,,4,3,,,,,,,,,,
1999,1960,,,,,,,5,4,,,,,,,,,,
1999,1961,,,,,,,8,3,,,,,,,,,,
1999,1962,,,,,,,12,3,,,,,,,,,,
1999,1963,,,,,,,9,4,1,,,,,,,,,
1999,1964,,,,,,,8,10,,,,,,,,,,
1999,1965,,,,,,,14,11,,,,1,1,,,,,
1999,1966,,,,,,,13,9,1,,,,,,,,,
1999,1967,,,,,,,12,13,1,,,,,,,,,
1999,1968,,,,,,,19,14,2,,,,,,,,,
1999,1969,,,,,,,21,12,,,,,,,,,,
1999,1970,,,,,,,23,30,1,1,,,,,,,,
1999,1971,,,,,,,32,24,2,,,,,,,,,
1999,1972,,,,,,,46,32,1,,1,,,,,,,
1999,1973,,,,,,,49,19,2,1,,,,,,,,
1999,1974,,,,,,,46,33,1,4,,,,,,,,
1999,1975,,,,,,,44,38,3,1,,,,,,,,
1999,1976,,,,,,,53,43,2,1,,,1,,,,,
1999,1977,,,,,,,63,40,2,,,,,,,,,
1999,1978,,,,,,,55,44,2,,1,1,,,,,,
1999,1979,,,,,,,69,42,4,,,,,,,,,
1999,1980,,,,,,,67,48,2,1,,,2,,,,,
1999,1981,,,,,,,62,56,3,,1,,,1,,,,
1999,1982,,,,,,,81,58,5,,,,,,1,,,
1999,1983,,,,,,,79,64,3,4,1,1,,,,,,
1999,1984,,,,,,,77,54,4,,,,1,,,,,
1999,1985,,,,,,,108,62,3,,3,,,,,,,
1999,1986,,,,,,,118,68,9,2,,1,,1,,,,
1999,1987,,,,,,,128,78,7,1,1,,1,,,,,
1999,1988,,,,,,,123,85,2,1,,2,,,1,,,
1999,1989,,,,,,,155,99,6,2,,,,,,,,
1999,1990,,,,,,,155,89,4,1,,,,,,,,
1999,1991,,,,,,,183,85,5,1,,,,1,,,,
1999,1992,,,,,,,242,94,5,1,,3,,,,,1,
1999,1993,,,,,,,242,96,6,,1,1,,1,,,,
1999,1994,,,,,,,302,102,9,2,1,,1,,,,,
1999,1995,,,,,,,263,105,8,1,2,,,,,,,
1999,1996,,,,,,,346,104,8,2,,2,1,,,,,
1999,1997,,,,,,,364,48,2,2,,,1,,,,,
1999,1998,,,,,,,248,38,1,,,,,,,,,
1999,1999,,,,,,,31,13,,,1,,,,,,,
1999,No especificado,,,,,,,10,4,,,,,,,,,,
2000,Total,,,,,,,,4019,2044,148,38,16,10,7,4,3,1,1
2000,1920,,,,,,,,21,,,,,,,,,,
2000,1923,,,,,,,,,1,,,,,,,,,
2000,1927,,,,,,,,1,,,,,,,,,,
2000,1944,,,,,,,,1,,,,,,,,,,
2000,1945,,,,,,,,,1,,,,,,,,,
2000,1946,,,,,,,,3,1,,,,,,,,,
2000,1950,,,,,,,,,1,,,,,,,,,
2000,1951,,,,,,,,4,,,,,,,,,,
2000,1952,,,,,,,,3,1,1,,,,,,,,
2000,1953,,,,,,,,1,1,,,,,,,,,
2000,1954,,,,,,,,1,1,,,,,,,,,
2000,1955,,,,,,,,1,3,,,,,,,,,
2000,1956,,,,,,,,4,2,1,,,,,,,,
2000,1957,,,,,,,,7,2,,,,,,,,,
2000,1958,,,,,,,,4,5,,,,,,,,,
2000,1959,,,,,,,,2,3,1,,,,,,,,
2000,1960,,,,,,,,6,5,,,,,,,,,
2000,1961,,,,,,,,3,3,,,,1,,,,,
2000,1962,,,,,,,,10,4,,,,,,,,,
2000,1963,,,,,,,,11,4,,,,,,,,,
2000,1964,,,,,,,,6,9,1,,,1,,,,,
2000,1965,,,,,,,,6,5,,,,,,,,,
2000,1966,,,,,,,,9,8,,,,,,,,,
2000,1967,,,,,,,,17,11,2,,,,,,,,
2000,1968,,,,,,,,11,8,1,,,,,,,,
2000,1969,,,,,,,,25,16,3,1,,,,,,,
2000,1970,,,,,,,,27,24,,,,,,,,,
2000,1971,,,,,,,,23,19,,,1,,,,,,
2000,1972,,,,,,,,36,31,,,,1,,,,,
2000,1973,,,,,,,,51,24,2,,1,1,,,,,
2000,1974,,,,,,,,50,23,2,1,,,,,1,,
2000,1975,,,,,,,,44,30,,,,,,,,,
2000,1976,,,,,,,,41,25,2,1,,,,,,,
2000,1977,,,,,,,,44,35,5,1,1,,,,,,
2000,1978,,,,,,,,43,36,2,2,,,,,,,
2000,1979,,,,,,,,58,44,3,1,,,1,,,,1
2000,1980,,,,,,,,51,50,2,1,,,,,,,
2000,1981,,,,,,,,68,55,4,1,,2,,,,,
2000,1982,,,,,,,,58,54,5,1,1,,,1,,,
2000,1983,,,,,,,,67,66,2,1,,,,,,,
2000,1984,,,,,,,,68,56,9,2,,,,,,,
2000,1985,,,,,,,,92,59,2,,1,,,,,,
2000,1986,,,,,,,,81,77,3,1,,,,,,,
2000,1987,,,,,,,,106,79,7,,1,1,1,,,,
2000,1988,,,,,,,,92,88,13,2,,,,,,,
2000,1989,,,,,,,,122,81,5,1,,,,,,,
2000,1990,,,,,,,,151,86,6,2,2,2,1,,1,,
2000,1991,,,,,,,,176,116,4,3,2,,2,,,,
2000,1992,,,,,,,,201,107,8,4,,,,,,,
2000,1993,,,,,,,,240,107,10,3,,1,,,,1,
2000,1994,,,,,,,,218,105,10,1,,,,1,,,
2000,1995,,,,,,,,310,115,8,1,2,,1,,1,,
2000,1996,,,,,,,,340,119,5,1,2,,,,,,
2000,1997,,,,,,,,342,101,6,3,,,1,1,,,
2000,1998,,,,,,,,406,75,8,1,1,,,1,,,
2000,1999,,,,,,,,233,50,4,1,1,,,,,,
2000,2000,,,,,,,,16,10,1,1,,,,,,,
2000,No especificado,,,,,,,,7,2,,,,,,,,,
2001,Total,,,,,,,,,4246,2237,190,32,16,11,6,2,1,3
2001,1935,,,,,,,,,,1,,,,,,,,
2001,1941,,,,,,,,,,1,,,,,,,,
2001,1943,,,,,,,,,1,,,,,,,,,
2001,1944,,,,,,,,,1,,,,,,,,,
2001,1945,,,,,,,,,1,,,,,,,,,
2001,1947,,,,,,,,,,1,,,,,,,,
2001,1949,,,,,,,,,1,1,,,,,,,,
2001,1950,,,,,,,,,,1,,,,,,,,
2001,1951,,,,,,,,,1,1,1,,,,,,,
2001,1952,,,,,,,,,,1,,,,,,,,
2001,1953,,,,,,,,,,1,,,,,,,,
2001,1954,,,,,,,,,2,3,,,,,,,,
2001,1955,,,,,,,,,2,1,,,,,,,,
2001,1956,,,,,,,,,5,3,,,,,,,,
2001,1957,,,,,,,,,5,3,,,,,,,,
2001,1958,,,,,,,,,6,3,,,,,,,,
2001,1959,,,,,,,,,5,1,,,,,,,,
2001,1960,,,,,,,,,7,5,1,,,,,,,
2001,1961,,,,,,,,,5,3,,,,,,,,
2001,1962,,,,,,,,,4,6,,,,,,,,
2001,1963,,,,,,,,,10,6,,,,,,,,
2001,1964,,,,,,,,,13,11,,1,,,,,,
2001,1965,,,,,,,,,8,9,2,,,,,,,
2001,1966,,,,,,,,,17,8,2,1,,,,,,
2001,1967,,,,,,,,,13,11,1,,,,,,,
2001,1968,,,,,,,,,13,11,,1,,,,,,
2001,1969,,,,,,,,,19,14,4,1,,1,,,,1
2001,1970,,,,,,,,,26,12,5,,,,,,,
2001,1971,,,,,,,,,29,18,,1,,,,,,
2001,1972,,,,,,,,,29,23,,1,,,,,,
2001,1973,,,,,,,,,48,22,,,,,,,,
2001,1974,,,,,,,,,51,28,1,1,,,,,,
2001,1975,,,,,,,,,54,39,3,,,,1,,,
2001,1976,,,,,,,,,53,43,2,1,1,,,,,
2001,1977,,,,,,,,,46,30,,2,,,,,,
2001,1978,,,,,,,,,56,35,1,,1,,,,,
2001,1979,,,,,,,,,63,58,2,1,1,,,,,
2001,1980,,,,,,,,,59,63,3,,,,,,,
2001,1981,,,,,,,,,70,49,3,,,,,,,
2001,1982,,,,,,,,,75,64,5,2,,,,1,,
2001,1983,,,,,,,,,56,59,8,,1,,,,,
2001,1984,,,,,,,,,69,57,1,3,,,,,,
2001,1985,,,,,,,,,83,64,6,,,,,,,
2001,1986,,,,,,,,,102,61,6,,,1,,,1,
2001,1987,,,,,,,,,103,82,6,3,1,1,1,,,
2001,1988,,,,,,,,,117,78,13,3,,1,,,,
2001,1989,,,,,,,,,124,88,9,,2,1,,1,,
2001,1990,,,,,,,,,140,96,14,1,1,1,1,,,
2001,1991,,,,,,,,,147,107,10,,1,1,,,,
2001,1992,,,,,,,,,178,100,12,1,1,,1,,,
2001,1993,,,,,,,,,181,103,5,2,1,1,,,,
2001,1994,,,,,,,,,221,127,14,,,,,,,
2001,1995,,,,,,,,,246,115,9,2,1,1,,,,1
2001,1996,,,,,,,,,281,117,9,2,1,1,,,,
2001,1997,,,,,,,,,324,117,9,,1,,1,,,
2001,1998,,,,,,,,,368,129,8,2,1,1,1,,,1
2001,1999,,,,,,,,,390,83,7,,,,,,,
2001,2000,,,,,,,,,300,48,6,,,,,,,
2001,2001,,,,,,,,,16,16,2,,1,,,,,
2001,No especificado,,,,,,,,,2,,,,,,,,,
2002,Total,,,,,,,,,,3996,1975,143,39,13,11,7,4,4
2002,1940,,,,,,,,,,1,,,,,,,,
2002,1945,,,,,,,,,,1,1,,,,,,,
2002,1950,,,,,,,,,,1,,,,,,,,
2002,1951,,,,,,,,,,1,,,,,,,,
2002,1952,,,,,,,,,,,2,,,,,,,
2002,1953,,,,,,,,,,1,,,,,,,,
2002,1954,,,,,,,,,,2,1,,,,,,,
2002,1955,,,,,,,,,,2,1,,,,,,,
2002,1956,,,,,,,,,,1,1,1,,,,,,
2002,1957,,,,,,,,,,5,1,,,,,,,
2002,1958,,,,,,,,,,5,1,,,,,,,
2002,1959,,,,,,,,,,6,1,,,,,,,
2002,1960,,,,,,,,,,6,4,1,,,,,,
2002,1961,,,,,,,,,,3,7,,,,,,,
2002,1962,,,,,,,,,,6,3,1,,,,,,
2002,1963,,,,,,,,,,9,2,1,,,,,,
2002,1964,,,,,,,,,,11,10,3,,,,,,
2002,1965,,,,,,,,,,7,8,1,,,,,,
2002,1966,,,,,,,,,,14,11,3,,,,,,
2002,1967,,,,,,,,,,18,6,1,,,,,,
2002,1968,,,,,,,,,,13,13,,1,,,1,,
2002,1969,,,,,,,,,,19,12,1,,,,,,
2002,1970,,,,,,,,,,24,12,1,,,,,,
2002,1971,,,,,,,,,,31,9,2,,,,,,
2002,1972,,,,,,,,,,35,27,,,,,,,
2002,1973,,,,,,,,,,45,32,2,1,,,,,
2002,1974,,,,,,,,,,46,18,,,,,,,
2002,1975,,,,,,,,,,41,25,3,1,,1,,,
2002,1976,,,,,,,,,,43,32,1,1,,,,,
2002,1977,,,,,,,,,,48,27,1,,1,,,1,
2002,1978,,,,,,,,,,46,49,4,,,,,,
2002,1979,,,,,,,,,,55,45,,,,,1,,
2002,1980,,,,,,,,,,51,46,4,3,,1,,,
2002,1981,,,,,,,,,,58,53,8,,,,,,
2002,1982,,,,,,,,,,68,54,3,3,,,,,
2002,1983,,,,,,,,,,64,42,8,,,,,,
2002,1984,,,,,,,,,,73,61,5,,,,,,
2002,1985,,,,,,,,,,73,59,3,,,,,,1
2002,1986,,,,,,,,,,71,63,2,2,1,,,,
2002,1987,,,,,,,,,,85,66,5,,,,,,
2002,1988,,,,,,,,,,108,68,5,3,1,1,,,
2002,1989,,,,,,,,,,93,66,3,1,2,1,,,
2002,1990,,,,,,,,,,126,70,8,2,,,,,
2002,1991,,,,,,,,,,119,68,7,1,2,,1,,
2002,1992,,,,,,,,,,126,76,2,5,2,3,3,,1
2002,1993,,,,,,,,,,156,96,10,4,,,,,
2002,1994,,,,,,,,,,175,81,4,2,,1,,,
2002,1995,,,,,,,,,,208,101,5,,,,,,
2002,1996,,,,,,,,,,245,86,7,2,1,,,,1
2002,1997,,,,,,,,,,281,107,7,3,2,1,1,,
2002,1998,,,,,,,,,,343,90,6,,,,,3,
2002,1999,,,,,,,,,,345,96,4,2,1,,,,
2002,2000,,,,,,,,,,372,103,3,,,1,,,
2002,2001,,,,,,,,,,192,46,6,2,,1,,,
2002,2002,,,,,,,,,,14,13,,,,,,,1
2002,No especificado,,,,,,,,,,4,3,1,,,,,,
2003,Total,,,,,,,,,,,3976,1799,149,43,17,10,6,2
2003,1945,,,,,,,,,,,1,1,,,,,,
2003,1946,,,,,,,,,,,1,,,,,,,
2003,1948,,,,,,,,,,,1,,,,,,,
2003,1949,,,,,,,,,,,1,,,,,,,
2003,1950,,,,,,,,,,,,1,,,,,,
2003,1952,,,,,,,,,,,1,1,,,,,,
2003,1953,,,,,,,,,,,,,,1,,,,
2003,1954,,,,,,,,,,,1,,,,,,,
2003,1955,,,,,,,,,,,1,3,1,,,,,
2003,1956,,,,,,,,,,,2,1,,,,,,
2003,1957,,,,,,,,,,,6,3,,,,,,
2003,1958,,,,,,,,,,,5,1,1,,,,,
2003,1959,,,,,,,,,,,1,5,,,,,,
2003,1960,,,,,,,,,,,7,2,2,,,,,
2003,1961,,,,,,,,,,,6,2,1,,,,,
2003,1962,,,,,,,,,,,8,6,,,,,,
2003,1963,,,,,,,,,,,5,3,,,,,,
2003,1964,,,,,,,,,,,10,4,2,,,,,
2003,1965,,,,,,,,,,,13,9,1,,,,,
2003,1966,,,,,,,,,,,12,7,1,1,,,,
2003,1967,,,,,,,,,,,8,6,,,,,,
2003,1968,,,,,,,,,,,17,12,1,1,,,,
2003,1969,,,,,,,,,,,13,13,,,,,1,
2003,1970,,,,,,,,,,,23,14,1,,,,,
2003,1971,,,,,,,,,,,37,8,1,,,,1,
2003,1972,,,,,,,,,,,29,14,1,1,,,,
2003,1973,,,,,,,,,,,34,12,3,,,,,
2003,1974,,,,,,,,,,,42,23,2,,,,,
2003,1975,,,,,,,,,,,45,21,,,,,,
2003,1976,,,,,,,,,,,51,20,6,1,,2,,
2003,1977,,,,,,,,,,,29,27,1,1,,,,
2003,1978,,,,,,,,,,,56,30,3,,,,,
2003,1979,,,,,,,,,,,55,35,2,,1,,1,
2003,1980,,,,,,,,,,,53,47,3,,,,,
2003,1981,,,,,,,,,,,57,44,3,1,,,,
2003,1982,,,,,,,,,,,54,40,5,,2,,,
2003,1983,,,,,,,,,,,59,49,4,4,,,,
2003,1984,,,,,,,,,,,62,38,1,1,1,,,
2003,1985,,,,,,,,,,,64,41,4,,,,,
2003,1986,,,,,,,,,,,72,45,2,1,,,,
2003,1987,,,,,,,,,,,75,53,4,,,,1,1
2003,1988,,,,,,,,,,,80,74,4,,,,,
2003,1989,,,,,,,,,,,94,66,6,,1,,,
2003,1990,,,,,,,,,,,91,73,7,2,2,2,,
2003,1991,,,,,,,,,,,116,84,4,,2,1,,
2003,1992,,,,,,,,,,,124,77,4,2,1,2,1,
2003,1993,,,,,,,,,,,137,78,9,4,,,,
2003,1994,,,,,,,,,,,164,78,9,,,,,1
2003,1995,,,,,,,,,,,177,70,4,3,1,1,,
2003,1996,,,,,,,,,,,205,101,8,3,,1,,
2003,1997,,,,,,,,,,,236,92,7,5,1,1,,
2003,1998,,,,,,,,,,,248,89,10,2,2,,,
2003,1999,,,,,,,,,,,353,89,9,4,,,,
2003,2000,,,,,,,,,,,367,96,6,1,1,,,
2003,2001,,,,,,,,,,,356,58,2,3,2,,1,
2003,2002,,,,,,,,,,,182,31,3,1,,,,
2003,2003,,,,,,,,,,,23,2,1,,,,,
2003,No especificado,,,,,,,,,,,6,,,,,,,
2004,Total,,,,,,,,,,,,3861,1859,144,23,13,7,5
2004,1945,,,,,,,,,,,,,,1,,,,
2004,1946,,,,,,,,,,,,,1,,,,,
2004,1947,,,,,,,,,,,,,,1,,,,
2004,1949,,,,,,,,,,,,3,1,,,,,
2004,1950,,,,,,,,,,,,1,1,,,,,
2004,1951,,,,,,,,,,,,1,1,,,,,
2004,1953,,,,,,,,,,,,,1,1,,,,
2004,1954,,,,,,,,,,,,1,,,,,,
2004,1955,,,,,,,,,,,,1,2,,,,,
2004,1956,,,,,,,,,,,,1,,,,,,
2004,1957,,,,,,,,,,,,6,1,,,,,
2004,1958,,,,,,,,,,,,2,1,,,,,
2004,1959,,,,,,,,,,,,1,4,2,,,,
2004,1960,,,,,,,,,,,,8,4,,,,,
2004,1961,,,,,,,,,,,,6,4,,,,,
2004,1962,,,,,,,,,,,,5,1,,,,,
2004,1963,,,,,,,,,,,,8,7,,,,,
2004,1964,,,,,,,,,,,,8,4,1,,,,
2004,1965,,,,,,,,,,,,10,8,,,,,
2004,1966,,,,,,,,,,,,6,6,,,,,
2004,1967,,,,,,,,,,,,10,6,,,,,
2004,1968,,,,,,,,,,,,13,6,,,,,
2004,1969,,,,,,,,,,,,18,5,,,,1,
2004,1970,,,,,,,,,,,,19,11,2,,,,
2004,1971,,,,,,,,,,,,24,11,1,,,,
2004,1972,,,,,,,,,,,,23,18,1,,,,
2004,1973,,,,,,,,,,,,34,20,,,,,
2004,1974,,,,,,,,,,,,39,18,,,,,1
2004,1975,,,,,,,,,,,,43,19,2,,,,
2004,1976,,,,,,,,,,,,45,26,1,,,,
2004,1977,,,,,,,,,,,,26,23,,,,,
2004,1978,,,,,,,,,,,,52,29,,,,,
2004,1979,,,,,,,,,,,,58,28,5,2,,,
2004,1980,,,,,,,,,,,,65,34,2,1,,,
2004,1981,,,,,,,,,,,,47,29,3,,,,
2004,1982,,,,,,,,,,,,49,32,6,,,,
2004,1983,,,,,,,,,,,,53,49,3,2,,1,1
2004,1984,,,,,,,,,,,,54,40,3,,2,,
2004,1985,,,,,,,,,,,,55,36,5,1,,,
2004,1986,,,,,,,,,,,,53,44,2,,1,,
2004,1987,,,,,,,,,,,,69,44,3,1,1,,
2004,1988,,,,,,,,,,,,69,51,5,1,,,
2004,1989,,,,,,,,,,,,89,81,8,1,,,2
2004,1990,,,,,,,,,,,,67,60,8,1,,,
2004,1991,,,,,,,,,,,,90,75,4,,1,1,
2004,1992,,,,,,,,,,,,108,68,6,,,,
2004,1993,,,,,,,,,,,,106,84,6,2,1,,
2004,1994,,,,,,,,,,,,146,82,8,2,,,
2004,1995,,,,,,,,,,,,163,80,6,2,1,2,1
2004,1996,,,,,,,,,,,,174,93,5,2,,,
2004,1997,,,,,,,,,,,,193,94,8,,2,,
2004,1998,,,,,,,,,,,,233,103,13,,1,,
2004,1999,,,,,,,,,,,,279,109,9,,1,,
2004,2000,,,,,,,,,,,,334,103,4,1,1,1,
2004,2001,,,,,,,,,,,,342,80,5,1,1,1,
2004,2002,,,,,,,,,,,,340,66,3,2,,,
2004,2003,,,,,,,,,,,,192,45,1,,,,
2004,2004,,,,,,,,,,,,17,10,,1,,,
2004,No especificado,,,,,,,,,,,,2,,,,,,
2005,Total,,,,,,,,,,,,,4090,1742,148,36,14,2
2005,1943,,,,,,,,,,,,,1,,,,,
2005,1950,,,,,,,,,,,,,,1,,,,
2005,1952,,,,,,,,,,,,,,1,,,,
2005,1953,,,,,,,,,,,,,,,1,,,
2005,1955,,,,,,,,,,,,,2,4,,,,
2005,1956,,,,,,,,,,,,,1,,,,,
2005,1957,,,,,,,,,,,,,1,1,,,,
2005,1958,,,,,,,,,,,,,,2,,,,
2005,1959,,,,,,,,,,,,,8,1,,,,
2005,1960,,,,,,,,,,,,,4,1,,,,
2005,1961,,,,,,,,,,,,,1,2,,,,
2005,1962,,,,,,,,,,,,,5,4,,,,
2005,1963,,,,,,,,,,,,,5,,,,,
2005,1964,,,,,,,,,,,,,6,2,,,,
2005,1965,,,,,,,,,,,,,7,4,,,,
2005,1966,,,,,,,,,,,,,5,7,,,,
2005,1967,,,,,,,,,,,,,12,6,1,,,
2005,1968,,,,,,,,,,,,,8,6,2,,,
2005,1969,,,,,,,,,,,,,26,10,,1,,
2005,1970,,,,,,,,,,,,,22,9,,1,,
2005,1971,,,,,,,,,,,,,28,8,1,1,,
2005,1972,,,,,,,,,,,,,30,13,,,,
2005,1973,,,,,,,,,,,,,30,16,,,,
2005,1974,,,,,,,,,,,,,28,12,3,1,,
2005,1975,,,,,,,,,,,,,43,17,,,,
2005,1976,,,,,,,,,,,,,47,15,1,,,
2005,1977,,,,,,,,,,,,,42,20,2,,,
2005,1978,,,,,,,,,,,,,47,23,1,,,
2005,1979,,,,,,,,,,,,,52,22,3,,,
2005,1980,,,,,,,,,,,,,68,28,5,,,
2005,1981,,,,,,,,,,,,,56,32,4,,,1
2005,1982,,,,,,,,,,,,,61,37,4,3,,
2005,1983,,,,,,,,,,,,,51,23,1,,,
2005,1984,,,,,,,,,,,,,42,43,1,1,1,
2005,1985,,,,,,,,,,,,,54,35,4,,,
2005,1986,,,,,,,,,,,,,60,49,6,2,1,
2005,1987,,,,,,,,,,,,,68,43,1,,1,
2005,1988,,,,,,,,,,,,,76,54,3,,,
2005,1989,,,,,,,,,,,,,68,64,3,2,1,
2005,1990,,,,,,,,,,,,,79,68,6,,,
2005,1991,,,,,,,,,,,,,102,62,8,2,,
2005,1992,,,,,,,,,,,,,114,69,5,1,1,
2005,1993,,,,,,,,,,,,,110,74,14,1,1,
2005,1994,,,,,,,,,,,,,137,81,8,2,2,
2005,1995,,,,,,,,,,,,,141,59,5,1,,
2005,1996,,,,,,,,,,,,,164,94,10,2,1,
2005,1997,,,,,,,,,,,,,201,93,6,1,,
2005,1998,,,,,,,,,,,,,210,85,2,1,1,1
2005,1999,,,,,,,,,,,,,287,82,9,3,1,
2005,2000,,,,,,,,,,,,,319,85,11,5,2,
2005,2001,,,,,,,,,,,,,319,86,8,2,,
2005,2002,,,,,,,,,,,,,333,91,3,1,,
2005,2003,,,,,,,,,,,,,315,52,1,,,
2005,2004,,,,,,,,,,,,,182,39,5,,1,
2005,2005,,,,,,,,,,,,,10,7,,2,,
2005,No especificado,,,,,,,,,,,,,2,,,,,
2006,Total,,,,,,,,,,,,,,4085,1794,153,32,12
2006,1941,,,,,,,,,,,,,,1,,,,
2006,1954,,,,,,,,,,,,,,2,1,,,
2006,1955,,,,,,,,,,,,,,1,,,,
2006,1956,,,,,,,,,,,,,,1,,,,
2006,1957,,,,,,,,,,,,,,2,1,,1,
2006,1958,,,,,,,,,,,,,,5,1,,,
2006,1959,,,,,,,,,,,,,,1,1,1,,
2006,1960,,,,,,,,,,,,,,1,,1,,
2006,1961,,,,,,,,,,,,,,2,3,,1,
2006,1962,,,,,,,,,,,,,,4,3,,,
2006,1963,,,,,,,,,,,,,,8,1,,,
2006,1964,,,,,,,,,,,,,,2,3,,1,
2006,1965,,,,,,,,,,,,,,2,6,2,,
2006,1966,,,,,,,,,,,,,,5,4,,,
2006,1967,,,,,,,,,,,,,,9,3,,,
2006,1968,,,,,,,,,,,,,,12,7,,,1
2006,1969,,,,,,,,,,,,,,16,7,,,
2006,1970,,,,,,,,,,,,,,22,9,,,
2006,1971,,,,,,,,,,,,,,25,6,3,,
2006,1972,,,,,,,,,,,,,,28,11,1,,
2006,1973,,,,,,,,,,,,,,31,15,1,,
2006,1974,,,,,,,,,,,,,,41,13,1,,
2006,1975,,,,,,,,,,,,,,34,13,2,,
2006,1976,,,,,,,,,,,,,,50,20,2,,
2006,1977,,,,,,,,,,,,,,44,21,1,2,
2006,1978,,,,,,,,,,,,,,49,23,3,,
2006,1979,,,,,,,,,,,,,,53,27,3,,
2006,1980,,,,,,,,,,,,,,60,29,,1,
2006,1981,,,,,,,,,,,,,,55,25,2,,
2006,1982,,,,,,,,,,,,,,49,34,4,,
2006,1983,,,,,,,,,,,,,,52,40,3,1,
2006,1984,,,,,,,,,,,,,,46,44,3,1,
2006,1985,,,,,,,,,,,,,,51,46,2,,2
2006,1986,,,,,,,,,,,,,,69,47,3,1,
2006,1987,,,,,,,,,,,,,,54,49,3,,
2006,1988,,,,,,,,,,,,,,64,47,5,,
2006,1989,,,,,,,,,,,,,,64,53,8,1,
2006,1990,,,,,,,,,,,,,,67,46,8,1,1
2006,1991,,,,,,,,,,,,,,90,46,6,3,
2006,1992,,,,,,,,,,,,,,90,75,4,,1
2006,1993,,,,,,,,,,,,,,103,72,3,2,1
2006,1994,,,,,,,,,,,,,,102,73,7,2,1
2006,1995,,,,,,,,,,,,,,149,77,10,1,
2006,1996,,,,,,,,,,,,,,151,89,6,3,
2006,1997,,,,,,,,,,,,,,161,94,8,1,1
2006,1998,,,,,,,,,,,,,,188,91,8,3,1
2006,1999,,,,,,,,,,,,,,228,102,1,1,1
2006,2000,,,,,,,,,,,,,,245,101,12,4,
2006,2001,,,,,,,,,,,,,,269,64,7,,
2006,2002,,,,,,,,,,,,,,307,84,6,1,
2006,2003,,,,,,,,,,,,,,305,70,10,,2
2006,2004,,,,,,,,,,,,,,368,57,,,
2006,2005,,,,,,,,,,,,,,240,32,3,,
2006,2006,,,,,,,,,,,,,,7,8,,,
2007,Total,,,,,,,,,,,,,,,4306,1724,127,21
2007,1922,,,,,,,,,,,,,,,1,,,
2007,1950,,,,,,,,,,,,,,,1,,,
2007,1951,,,,,,,,,,,,,,,,1,,
2007,1952,,,,,,,,,,,,,,,,1,,
2007,1954,,,,,,,,,,,,,,,1,,,
2007,1955,,,,,,,,,,,,,,,,2,,
2007,1956,,,,,,,,,,,,,,,2,3,,
2007,1957,,,,,,,,,,,,,,,1,2,,
2007,1958,,,,,,,,,,,,,,,3,1,,
2007,1959,,,,,,,,,,,,,,,1,1,,
2007,1960,,,,,,,,,,,,,,,1,1,,
2007,1961,,,,,,,,,,,,,,,5,2,,
2007,1962,,,,,,,,,,,,,,,5,,,1
2007,1963,,,,,,,,,,,,,,,1,7,,
2007,1964,,,,,,,,,,,,,,,9,3,,
2007,1965,,,,,,,,,,,,,,,9,4,,
2007,1966,,,,,,,,,,,,,,,9,2,,
2007,1967,,,,,,,,,,,,,,,7,5,,2
2007,1968,,,,,,,,,,,,,,,7,6,,
2007,1969,,,,,,,,,,,,,,,11,6,,
2007,1970,,,,,,,,,,,,,,,19,5,1,
2007,1971,,,,,,,,,,,,,,,24,6,,
2007,1972,,,,,,,,,,,,,,,29,13,,1
2007,1973,,,,,,,,,,,,,,,33,11,,
2007,1974,,,,,,,,,,,,,,,37,20,,
2007,1975,,,,,,,,,,,,,,,29,15,2,
2007,1976,,,,,,,,,,,,,,,31,16,5,
2007,1977,,,,,,,,,,,,,,,44,13,,
2007,1978,,,,,,,,,,,,,,,37,22,,
2007,1979,,,,,,,,,,,,,,,48,21,4,1
2007,1980,,,,,,,,,,,,,,,54,20,,
2007,1981,,,,,,,,,,,,,,,64,16,1,
2007,1982,,,,,,,,,,,,,,,50,30,3,
2007,1983,,,,,,,,,,,,,,,53,36,3,
2007,1984,,,,,,,,,,,,,,,47,29,3,
2007,1985,,,,,,,,,,,,,,,48,41,4,
2007,1986,,,,,,,,,,,,,,,69,42,3,
2007,1987,,,,,,,,,,,,,,,63,41,5,
2007,1988,,,,,,,,,,,,,,,83,50,,1
2007,1989,,,,,,,,,,,,,,,86,56,2,
2007,1990,,,,,,,,,,,,,,,58,51,4,1
2007,1991,,,,,,,,,,,,,,,72,46,5,2
2007,1992,,,,,,,,,,,,,,,81,60,4,1
2007,1993,,,,,,,,,,,,,,,85,69,3,
2007,1994,,,,,,,,,,,,,,,89,64,5,1
2007,1995,,,,,,,,,,,,,,,108,72,6,
2007,1996,,,,,,,,,,,,,,,131,79,6,
2007,1997,,,,,,,,,,,,,,,151,97,5,
2007,1998,,,,,,,,,,,,,,,178,91,5,
2007,1999,,,,,,,,,,,,,,,235,83,11,2
2007,2000,,,,,,,,,,,,,,,239,99,4,1
2007,2001,,,,,,,,,,,,,,,252,75,9,
2007,2002,,,,,,,,,,,,,,,291,73,1,1
2007,2003,,,,,,,,,,,,,,,327,66,4,3
2007,2004,,,,,,,,,,,,,,,359,53,11,2
2007,2005,,,,,,,,,,,,,,,411,54,6,1
2007,2006,,,,,,,,,,,,,,,212,36,1,
2007,2007,,,,,,,,,,,,,,,5,6,1,
2008,Total,,,,,,,,,,,,,,,,4932,1598,97
2008,1945,,,,,,,,,,,,,,,,,1,
2008,1951,,,,,,,,,,,,,,,,1,,
2008,1952,,,,,,,,,,,,,,,,1,1,
2008,1955,,,,,,,,,,,,,,,,,1,
2008,1956,,,,,,,,,,,,,,,,,2,
2008,1958,,,,,,,,,,,,,,,,1,,
2008,1959,,,,,,,,,,,,,,,,3,,
2008,1960,,,,,,,,,,,,,,,,2,2,
2008,1961,,,,,,,,,,,,,,,,6,,1
2008,1962,,,,,,,,,,,,,,,,4,3,
2008,1963,,,,,,,,,,,,,,,,6,,1
2008,1964,,,,,,,,,,,,,,,,5,3,
2008,1965,,,,,,,,,,,,,,,,9,2,1
2008,1966,,,,,,,,,,,,,,,,7,2,
2008,1967,,,,,,,,,,,,,,,,8,2,
2008,1968,,,,,,,,,,,,,,,,11,2,
2008,1969,,,,,,,,,,,,,,,,16,5,1
2008,1970,,,,,,,,,,,,,,,,16,5,
2008,1971,,,,,,,,,,,,,,,,19,5,1
2008,1972,,,,,,,,,,,,,,,,17,7,
2008,1973,,,,,,,,,,,,,,,,35,11,2
2008,1974,,,,,,,,,,,,,,,,42,9,
2008,1975,,,,,,,,,,,,,,,,55,9,
2008,1976,,,,,,,,,,,,,,,,38,11,1
2008,1977,,,,,,,,,,,,,,,,46,15,1
2008,1978,,,,,,,,,,,,,,,,68,22,3
2008,1979,,,,,,,,,,,,,,,,67,6,2
2008,1980,,,,,,,,,,,,,,,,73,18,
2008,1981,,,,,,,,,,,,,,,,80,18,
2008,1982,,,,,,,,,,,,,,,,76,25,1
2008,1983,,,,,,,,,,,,,,,,69,25,
2008,1984,,,,,,,,,,,,,,,,73,22,2
2008,1985,,,,,,,,,,,,,,,,84,34,1
2008,1986,,,,,,,,,,,,,,,,60,50,
2008,1987,,,,,,,,,,,,,,,,67,49,2
2008,1988,,,,,,,,,,,,,,,,77,37,2
2008,1989,,,,,,,,,,,,,,,,86,45,2
2008,1990,,,,,,,,,,,,,,,,75,39,5
2008,1991,,,,,,,,,,,,,,,,65,55,2
2008,1992,,,,,,,,,,,,,,,,96,60,4
2008,1993,,,,,,,,,,,,,,,,91,43,5
2008,1994,,,,,,,,,,,,,,,,110,74,6
2008,1995,,,,,,,,,,,,,,,,125,52,6
2008,1996,,,,,,,,,,,,,,,,122,62,3
2008,1997,,,,,,,,,,,,,,,,150,68,6
2008,1998,,,,,,,,,,,,,,,,196,78,3
2008,1999,,,,,,,,,,,,,,,,229,76,5
2008,2000,,,,,,,,,,,,,,,,226,90,3
2008,2001,,,,,,,,,,,,,,,,213,72,4
2008,2002,,,,,,,,,,,,,,,,273,87,4
2008,2003,,,,,,,,,,,,,,,,301,59,5
2008,2004,,,,,,,,,,,,,,,,357,66,3
2008,2005,,,,,,,,,,,,,,,,399,70,5
2008,2006,,,,,,,,,,,,,,,,400,59,3
2008,2007,,,,,,,,,,,,,,,,266,34,1
2008,2008,,,,,,,,,,,,,,,,10,5,
2009,Total,,,,,,,,,,,,,,,,,3974,2118
2009,1942,,,,,,,,,,,,,,,,,1,
2009,1948,,,,,,,,,,,,,,,,,1,
2009,1949,,,,,,,,,,,,,,,,,1,
2009,1950,,,,,,,,,,,,,,,,,1,
2009,1952,,,,,,,,,,,,,,,,,,1
2009,1954,,,,,,,,,,,,,,,,,,1
2009,1956,,,,,,,,,,,,,,,,,1,1
2009,1957,,,,,,,,,,,,,,,,,4,2
2009,1958,,,,,,,,,,,,,,,,,1,
2009,1959,,,,,,,,,,,,,,,,,1,2
2009,1960,,,,,,,,,,,,,,,,,2,1
2009,1961,,,,,,,,,,,,,,,,,4,4
2009,1962,,,,,,,,,,,,,,,,,1,2
2009,1963,,,,,,,,,,,,,,,,,5,4
2009,1964,,,,,,,,,,,,,,,,,7,4
2009,1965,,,,,,,,,,,,,,,,,1,3
2009,1966,,,,,,,,,,,,,,,,,8,7
2009,1967,,,,,,,,,,,,,,,,,5,4
2009,1968,,,,,,,,,,,,,,,,,14,7
2009,1969,,,,,,,,,,,,,,,,,17,6
2009,1970,,,,,,,,,,,,,,,,,18,8
2009,1971,,,,,,,,,,,,,,,,,18,8
2009,1972,,,,,,,,,,,,,,,,,19,12
2009,1973,,,,,,,,,,,,,,,,,29,15
2009,1974,,,,,,,,,,,,,,,,,24,11
2009,1975,,,,,,,,,,,,,,,,,39,18
2009,1976,,,,,,,,,,,,,,,,,34,19
2009,1977,,,,,,,,,,,,,,,,,33,20
2009,1978,,,,,,,,,,,,,,,,,50,19
2009,1979,,,,,,,,,,,,,,,,,49,26
2009,1980,,,,,,,,,,,,,,,,,44,22
2009,1981,,,,,,,,,,,,,,,,,36,21
2009,1982,,,,,,,,,,,,,,,,,52,25
2009,1983,,,,,,,,,,,,,,,,,59,41
2009,1984,,,,,,,,,,,,,,,,,47,48
2009,1985,,,,,,,,,,,,,,,,,69,48
2009,1986,,,,,,,,,,,,,,,,,95,48
2009,1987,,,,,,,,,,,,,,,,,79,51
2009,1988,,,,,,,,,,,,,,,,,98,39
2009,1989,,,,,,,,,,,,,,,,,107,48
2009,1990,,,,,,,,,,,,,,,,,106,61
2009,1991,,,,,,,,,,,,,,,,,101,60
2009,1992,,,,,,,,,,,,,,,,,131,60
2009,1993,,,,,,,,,,,,,,,,,104,68
2009,1994,,,,,,,,,,,,,,,,,117,58
2009,1995,,,,,,,,,,,,,,,,,129,69
2009,1996,,,,,,,,,,,,,,,,,129,100
2009,1997,,,,,,,,,,,,,,,,,148,90
2009,1998,,,,,,,,,,,,,,,,,158,88
2009,1999,,,,,,,,,,,,,,,,,177,85
2009,2000,,,,,,,,,,,,,,,,,188,98
2009,2001,,,,,,,,,,,,,,,,,176,118
2009,2002,,,,,,,,,,,,,,,,,206,84
2009,2003,,,,,,,,,,,,,,,,,178,82
2009,2004,,,,,,,,,,,,,,,,,188,92
2009,2005,,,,,,,,,,,,,,,,,215,85
2009,2006,,,,,,,,,,,,,,,,,197,93
2009,2007,,,,,,,,,,,,,,,,,182,67
2009,2008,,,,,,,,,,,,,,,,,66,61
2009,2009,,,,,,,,,,,,,,,,,4,3
2010,Total,,,,,,,,,,,,,,,,,,4917
2010,1952,,,,,,,,,,,,,,,,,,2
2010,1953,,,,,,,,,,,,,,,,,,1
2010,1954,,,,,,,,,,,,,,,,,,2
2010,1955,,,,,,,,,,,,,,,,,,2
2010,1956,,,,,,,,,,,,,,,,,,1
2010,1957,,,,,,,,,,,,,,,,,,1
2010,1958,,,,,,,,,,,,,,,,,,2
2010,1959,,,,,,,,,,,,,,,,,,3
2010,1960,,,,,,,,,,,,,,,,,,7
2010,1961,,,,,,,,,,,,,,,,,,3
2010,1962,,,,,,,,,,,,,,,,,,4
2010,1963,,,,,,,,,,,,,,,,,,1
2010,1964,,,,,,,,,,,,,,,,,,9
2010,1965,,,,,,,,,,,,,,,,,,11
2010,1966,,,,,,,,,,,,,,,,,,13
2010,1967,,,,,,,,,,,,,,,,,,16
2010,1968,,,,,,,,,,,,,,,,,,17
2010,1969,,,,,,,,,,,,,,,,,,15
2010,1970,,,,,,,,,,,,,,,,,,16
2010,1971,,,,,,,,,,,,,,,,,,20
2010,1972,,,,,,,,,,,,,,,,,,30
2010,1973,,,,,,,,,,,,,,,,,,21
2010,1974,,,,,,,,,,,,,,,,,,29
2010,1975,,,,,,,,,,,,,,,,,,28
2010,1976,,,,,,,,,,,,,,,,,,34
2010,1977,,,,,,,,,,,,,,,,,,33
2010,1978,,,,,,,,,,,,,,,,,,39
2010,1979,,,,,,,,,,,,,,,,,,44
2010,1980,,,,,,,,,,,,,,,,,,50
2010,1981,,,,,,,,,,,,,,,,,,73
2010,1982,,,,,,,,,,,,,,,,,,78
2010,1983,,,,,,,,,,,,,,,,,,69
2010,1984,,,,,,,,,,,,,,,,,,87
2010,1985,,,,,,,,,,,,,,,,,,93
2010,1986,,,,,,,,,,,,,,,,,,76
2010,1987,,,,,,,,,,,,,,,,,,106
2010,1988,,,,,,,,,,,,,,,,,,111
2010,1989,,,,,,,,,,,,,,,,,,113
2010,1990,,,,,,,,,,,,,,,,,,115
2010,1991,,,,,,,,,,,,,,,,,,120
2010,1992,,,,,,,,,,,,,,,,,,145
2010,1993,,,,,,,,,,,,,,,,,,144
2010,1994,,,,,,,,,,,,,,,,,,144
2010,1995,,,,,,,,,,,,,,,,,,156
2010,1996,,,,,,,,,,,,,,,,,,157
2010,1997,,,,,,,,,,,,,,,,,,170
2010,1998,,,,,,,,,,,,,,,,,,195
2010,1999,,,,,,,,,,,,,,,,,,196
2010,2000,,,,,,,,,,,,,,,,,,235
2010,2001,,,,,,,,,,,,,,,,,,210
2010,2002,,,,,,,,,,,,,,,,,,181
2010,2003,,,,,,,,,,,,,,,,,,202
2010,2004,,,,,,,,,,,,,,,,,,216
2010,2005,,,,,,,,,,,,,,,,,,253
2010,2006,,,,,,,,,,,,,,,,,,253
2010,2007,,,,,,,,,,,,,,,,,,264
2010,2008,,,,,,,,,,,,,,,,,,192
2010,2009,,,,,,,,,,,,,,,,,,102
2010,2010,,,,,,,,,,,,,,,,,,7
No especificado,Total,7,8,,,,,,,,,,,1,,,,,
No especificado,No especificado,7,8,,,,,,,,,,,1,,,,,
FUENTE: INEGI. Estadísticas de nupcialidad.,,,,,,,,,,,,,,,,,,,
